,x_peptide,y_peptide
141,LVSGLSR/2,LVGSSLR/2
2835,ELEELSER/2,ELEEISER/2
4448,SSLAEVQSEIER/2,SSIAEVQSEIER/2
4817,LLVPTQFVGAIIGK/2,ILVPTQFVGAIIGK/2
5519,SDPYGIIR/2,SDPYALVR/2
6108,VLAIQLK/2,VLALLQK/2
6135,IWNILLFLLTVQLVGIIK/2,IWNILLFLLTVQLVGLIK/2
6543,FVPYYDLFMPSLK/2,FVPYYDIFMPSLK/2
7782,GLPGPPGQR/2,GLPGPQGPR/2
8296,LFITNESGYYLDISLYK/2,LFLTNESGYYLDISLYK/2
9002,VILGEDR/2,VLIADDR/2
9821,YQQDQIVK/2,YQQDQLVK/2
10461,LIVDELR/2,ILVDLER/2
10764,TSQELQMK/2,TSQEIQMK/2
10788,APEVLTK/2,APELVTK/2
11121,NLAIVWAPNLLR/2,NLALVWAPNLLR/2
12012,VTADISLAK/2,VTADLSLAK/2
12412,SHTCFNR/2,SHTFNCR/2
12989,SHIVEAHVR/2,SHLVEAHVR/2
14419,FNAVCLSR/2,FNAVLCSR/2
14712,GIGETPIVPLGISYIDDFAK/2,GIGETPIVPLGLSYIDDFAK/2
16803,GLINLGNTCFMNCIVQALTHTPILR/2,GLINLGNTCFMNCIVQALTHTPLLR/2
18527,SILLSGTVLPSAQR/2,SIILSGTVLPSAQR/2
22028,IWVSYGR/2,LWVYSGR/2
23574,LLIPHTR/2,LLLPHTR/2
24285,GINLSGGQR/2,GLNLSGGQR/2
24505,YIITLHELLAHTPHEHVER/2,YILTLHELLAHTPHEHVER/2
24542,STPLTNK/2,TSPIQSK/2
25847,ISLVFYQHK/2,LSLVFYQHK/2
26983,WLRPELR/2,WLRPEIR/2
27157,ADIPSPR/2,ADLPSPR/2
27195,VHFQAGR/2,VHFANAR/2
28999,LPPGGLPGIDLSDPK/2,LPPGGIPGIDLSDPK/2
29868,QELGEAR/2,EQLGEAR/2
30296,EEEGIQLR/2,EEEGLQLR/2
30381,AAALISR/2,AAAILSR/2
30387,LTPTQVK/2,ITPIQSK/2
32740,YILSLSFR/2,YLLSLSFR/2
32771,DLAAIPK/2,DLAALPK/2
33481,LTDFGLSK/2,ITDFGLSK/2
33910,QPQLLVK/2,QPQLIVK/2
34215,LLEGIVK/2,LLGEIVK/2
35128,FGEVVDCTIK/2,FGEVVDCTLK/2
35635,IHTGERPYK/2,LHTGERPYK/2
35763,SEGLGSR/2,SEGLSGR/2
36981,LITQDLVQEK/2,LLTQDLVQEK/2
37372,SILEQAK/2,SLLEAQK/2
38359,IDLTEAR/2,LDLTEAR/2
39299,LLGGQIGLEDFIFAHVK/2,LLGGQLGLEDFIFAHVK/2
39361,DVDLACR/2,DVDIACR/2
40155,GAGISGR/2,GAGLSGR/2
40284,TSSFSSVTDSTMSLNIITVTLNMEK/2,SSSFSSITDSTMSLNIITVTLNMEK/2
41492,LNLVDLAGSER/2,INLVDLAGSER/2
41842,NILLEEK/2,NLILEEK/2
43319,QLLCIAR/2,QLLCLAR/2
44149,LVWILGR/2,LVWLGLR/2
44514,ILDFGLAR/2,LIDFGLAR/2
45874,MAAAALR/2,MAAALAR/2
46040,LSNRPAFMPSEGK/2,ISNRPAFMPSEGK/2
46255,PENILLK/2,PENILIK/2
46980,EIEEQEK/2,ELEEQEK/2
47031,LVDIEEK/2,LVDEIEK/2
48439,GELFWDNGETK/2,GELFWDDGQTK/2
48667,FSILNAK/2,FSLLNAK/2
48743,TMDNVATFCMLLMLFIFIFSILGMHLFGCK/2,TMDNVATFCMLLMLFIFIFSILGMHIFGCK/2
48790,ISLVDLAGSER/2,LSLVDLAGSER/2
49075,LIDFGIAHK/2,IIDFGLAHK/2
49543,TLCLAYR/2,TLCIAYR/2
50897,SEGTCIHR/2,SEGTCLHR/2
50970,IIHTGEK/2,ILHTGEK/2
51569,LQDLEER/2,LQDIEER/2
52582,FLEQQNK/2,FLQEQNK/2
55308,EEIDWTTNELR/2,EELDWTTNELR/2
55480,VASGEQK/2,VASGQEK/2
56092,LQLEQEK/2,IQLEEQK/2
56159,ATAENEFVALK/2,TAAENEFVALK/2
56294,FAASDGQVR/2,FAASGDVQR/2
56963,NTIAIFCETR/2,TNIAIFCETR/2
57095,VAILIPFR/2,VAIIIPFR/2
57330,FVQSGSR/2,FVQSSGR/2
58069,LVEGQEK/2,LVEENAK/2
58295,GMEYLGTK/2,GMEYLASK/2
59437,PYECNECGK/2,PYECDQCGK/2
59692,IQGELEK/2,LQGELEK/2
59928,LVVAMSR/2,LVVTGMR/2
60210,FIPPWLK/2,LFPPWIK/2
61265,SHFQHVFVIVR/2,SHFQHVFLVVR/2
62436,HLGVCISVANNR/2,HIGVCISVANNR/2
62773,ILLGFSDAMTFK/2,LLLGFSDAMTFK/2
62844,VNIVPILAK/2,VNIVPLIAK/2
64351,DTLGLGK/2,DTLGIGK/2
65044,DLYEPSHGAK/2,DLYEPTHGGK/2
66068,SQILFALVFTTR/2,SQLLFALVFTTR/2
66128,IPVAGGDK/2,LPVQGDK/2
66362,AQSSAPK/2,AQSASPK/2
66695,PYECSECGK/2,PYECTDCGK/2
68036,SFQALPYVALLIAMIFFIYAVIGMQMFGK/2,SFQALPYVALLIAMLFFIYAVIGMQMFGK/2
68146,HCEAAIGNETVCTLWQEGR/2,HCEAALGNETVCTLWQEGR/2
68899,ETHEIVAIK/2,ETHEIVALK/2
69093,HQEIETK/2,HQLEETK/2
69168,LPQPEEGATYEGIQK/2,IPQPEEGATYEGIQK/2
70337,LAEEIEK/2,LAELEEK/2
71690,GIFEEMK/2,GLFEEMK/2
73194,LGVTVLSR/2,IGVTVLSR/2
74057,HIGTSALMDLLLR/2,HIGTSAIMDLLLR/2
74138,IGVFSVLYTVPATIVLACYFYEQAFR/2,IGVFSVLYTVPATIVIACYFYEQAFR/2
75742,ILEELQK/2,IIELEQK/2
76981,AFETVAIDR/2,AFETVALDR/2
77594,QEVLEMR/2,EQVLEMR/2
78460,YLEETSIR/2,YLEESTIR/2
79553,EIIAEYDTQVK/2,EIIAEYESQVK/2
80479,ELVSAAK/2,EIVSAAK/2
81617,WLPQNDLLGHPK/2,WIPQNDLLGHPK/2
82200,AEELESR/2,AEEIESR/2
82490,LEPCGHR/2,ELPCGHR/2
82927,SIVQIIYDENR/2,SLVQIIYDENR/2
83161,IPQEIVK/2,IPQELVK/2
83216,AEVDELR/2,AEVDLER/2
83264,HGSIIYHPSLLPR/2,HGSIIYHPSILPR/2
85518,LQFHNVK/2,IQFHNVK/2
87087,TQQLEIK/2,TQQLELK/2
87272,DIPFSAIYFPVYAHCK/2,DIPFSAIYFPCYAHVK/2
87622,ILVLHLK/2,LIVIHLK/2
88538,NIPQVSK/2,NLPQVSK/2
89161,LAELQQR/2,IAELQQR/2
89314,CYWLLQNPDIVLVHYLNVPALEDCGK/2,CYWLLQNPDIVLVHYLNVPAIEDCGK/2
89476,HLQHLER/2,HLQIHER/2
90270,LHLVDLAGSER/2,IHLVDLAGSER/2
90399,FHEIGTEMIITK/2,FHELGTEMIITK/2
90689,ALTLLDYLIK/2,ALTLLDYLLK/2
91803,SHAIFTISLEQR/2,SHAIFTISIEQR/2
92496,IISTTASK/2,ILSATTSK/2
92598,ALNIAEDLGQIQYIFSDK/2,ALNIAEDLGQIQYLFSDK/2
92812,EALNILK/2,EAINLLK/2
93154,LTCYLCK/2,LTCYICK/2
93922,LLADQER/2,LLAENER/2
93995,MVGSALR/2,MVGTLGR/2
94553,CIGSIQHLK/2,CLGSIQHLK/2
95376,CLGIATR/2,CLGLATR/2
95422,VEEIVAK/2,VEELVAK/2
96226,ELYNTYK/2,EIYNTYK/2
96436,SLDSIDK/2,SLDSLDK/2
96615,LHLNNNK/2,LHINNNK/2
98027,VEELEEK/2,VEEELEK/2
99485,HYSGIYGLMK/2,HYSGLYGLMK/2
99896,LAASPEK/2,IASAPEK/2
100042,DGVTGITCNR/2,DGVTGLTCNR/2
100135,LQIWDTAGQER/2,LQLWDTAGQER/2
100487,FLLEACK/2,FLIEACK/2
100766,GQELGALR/2,GQELQLR/2
100913,GQELGALR/2,ANELQLR/2
101247,VWITVIFIFR/2,VWLTVLFIFR/2
101361,AFLDEMK/2,AFLEDMK/2
102824,LQIWDTAGQER/2,IQIWDTAGQER/2
103293,SELENIK/2,SELNEIK/2
104428,EELELLK/2,EEIELLK/2
104495,LADFGLAR/2,IADFGLAR/2
105009,EWLSFGHR/2,EWISFGHR/2
105404,PGEYVIK/2,PGEYVLK/2
105487,TYSWDNAQVILVGNK/2,TYSWDNAQVLLVGNK/2
106450,PYACTDCGK/2,PYACSECGK/2
107279,VTNLLMLK/2,VTNILMLK/2
108033,LQIWDTAGQER/2,IQLWDTAGQER/2
110723,LALDLEIATYR/2,LALDIEIATYR/2
111532,LLSISGK/2,LISISGK/2
111668,LHIMAGR/2,IHLMAGR/2
112890,IYFYWLCR/2,IYFYWICR/2
113033,EGNGTVMGAELR/2,EGNGTVMGAEIR/2
113444,AEEILSR/2,AEELLSR/2
113527,THVTHHPISDHEATLR/2,THVTHHPLSDHEATLR/2
113617,ALQASALK/2,AIQASLAK/2
113745,IDLSAIK/2,LDISAIK/2
113861,MEFGLSWVFLVAIIK/2,MEFGLSWVFLVAILK/2
114328,SAPFIECHGR/2,ASPFLECHGR/2
114465,ISSSSFSR/2,LSSSFSSR/2
114502,GLPGADGR/2,GLPGDAGR/2
115704,IGDFGLAR/2,LGDFGLAR/2
115810,VESELIK/2,VESELLK/2
117588,IQEEIEK/2,IQELEEK/2
118329,IADFGMCK/2,LADFGMCK/2
118491,GVVDSEDLPLNISR/2,GVVDSEDIPLNLSR/2
119953,YNILPEK/2,YNLLPEK/2
120336,FILGLLDAGK/2,FLLGLLDAGK/2
120926,VFLNGSR/2,VFIGNSR/2
121535,WILTAAHTLYPK/2,WILTAAHTIYPK/2
121961,GMGGAFVLVLYDEIK/2,GMGGAFVLVLYDELK/2
122274,EQLEQLK/2,QELEQLK/2
123093,IGFGSFVDK/2,LGFGSFVDK/2
123585,ITSNMFCVGFLEGGK/2,ITNSMFCVGFLEGGK/2
124284,MELQEIQLK/2,MEIQEIQLK/2
124639,VWLSVIFIFR/2,VWLSVLFIFR/2
124927,LLIVSNPVDILTYVAWK/2,LIIVSNPVDILTYVAWK/2
125214,GLCLSCR/2,GICLSCR/2
125554,IQEEIEK/2,IQEELEK/2
126000,TIELQMK/2,TLEIQMK/2
126609,IGLNLPAGR/2,LGLNLPAGR/2
127087,EIVHLQAGQCGNQIGAK/2,EIVHIQAGQCGNQIGAK/2
127422,IQEEIEK/2,LQEEIEK/2
128052,MICAGYR/2,MLCAGYR/2
128092,IGFGSFVEK/2,LGFGSFVEK/2
128886,AQITGYR/2,AQISAYR/2
129398,IGDFGLAR/2,LGDFGIAR/2
129612,MELQEMQLK/2,MEIQEMQLK/2
130915,LQESLLK/2,IQTDILK/2
131576,ICDFGLAR/2,LCDFGLAR/2
131836,LLDAENK/2,LLGEENK/2
133385,EAFTIMDQNR/2,EAFTLMDQNR/2
133604,QLFHPEQLITGK/2,QIFHPEQLITGK/2
133891,YGFLLLMK/2,YGFLLMLK/2
135014,IASAVQK/2,LASAVQK/2
135967,VQEEIER/2,VQEEELR/2
135969,FDVSGYPTIK/2,FDVSGYPTLK/2
136614,DTQLHLDDALR/2,DTQIHLDDALR/2
136916,GIALDGK/2,GLALDGK/2
137444,IDDPETK/2,LDDPTEK/2
137997,MGAASGR/2,MGAGSAR/2
138060,LEALEEK/2,LEAELEK/2
138753,PYTCNECGK/2,PYTCDQCGK/2
139171,IQHELEEAEER/2,LQHELEEAEER/2
139396,FSISWSR/2,FSLSWSR/2
139644,IDEPGLR/2,LDEPLGR/2
140443,ITDEEATK/2,LTDTEAEK/2
140821,MGAASGR/2,MGASAGR/2
140836,CEIQAALEEAEASLEHEEGK/2,CELQAALEEAEASLEHEEGK/2
141843,LQNEVEDLMIDVER/2,LQNEVEDLMLDVER/2
142978,LPEPIVSTDSR/2,IPEPLVSTDSR/2
143562,LDEAEQLALK/2,LDEAEQIALK/2
145413,ANLIASALAQIPQK/2,ANIIASALAQIPQK/2
145914,LQSLADR/2,LQSLEGR/2
146272,GLPGLPGPK/2,GIPGLPGPK/2
146954,SPTDPSR/2,SPTDSPR/2
147013,HSQFIGYPITLYLEK/2,HSQFLGYPITLYLEK/2
147399,ISSEAHR/2,ISSEHAR/2
148470,TAAENEFVVLK/2,ATAENEFVVLK/2
148572,LTMQNLNDR/2,ITMQNLNDR/2
148649,LENCNYAVELGK/2,IENCNYAVELGK/2
150000,VQEEIER/2,VQELEER/2
150857,MPLIGLGTWK/2,MPILGLGTWK/2
151397,ITEELQK/2,LTEELQK/2
151423,VGDDIILVSVSSER/2,VGDDLILVSVSSER/2
151731,PFECNECGK/2,PFECQDCGK/2
151909,QAYDLQSDNLYK/2,QAYDLQSDNIYK/2
152414,DGEIYCK/2,DGELYCK/2
152455,GDSPEAR/2,DGSPEAR/2
152558,MLLAVQR/2,MLLAGAVR/2
152653,PDIISQLER/2,PDLISQLER/2
152853,AGEILSEK/2,AGELISEK/2
153317,ICELYAK/2,LCELYAK/2
154103,LHLIQHQR/2,IHLIQHQR/2
154449,PYTCVECGK/2,PYTCEVCGK/2
154647,IHTGERPYECSECGK/2,LHTGERPYECSECGK/2
154797,TPEDIFK/2,TPEDFLK/2
155277,PENLLIDQQGYIQVTDFGFAK/2,PENLLIDQQGYLQVTDFGFAK/2
155309,AIEENNNFSK/2,ALEENNNFSK/2
155647,DNNLTTGK/2,DNNITTGK/2
156139,VHEEEIR/2,VHEEIER/2
156291,TVGAQALK/2,TVGAAQLK/2
156927,DIHFMPCSGLTGANLK/2,DIHFMPCSGLTGANIK/2
157467,FYMYELLK/2,FYMYEILK/2
157622,VYSDAQPHIQWIK/2,VYSDAQPHIQWLK/2
157694,FLAITTDCLQLLAYGNQESK/2,FLAITTDCLQILAYGNQESK/2
157867,ETAQAIK/2,ETAQALK/2
158117,ELGIETYK/2,ELGLETYK/2
159738,MAALGTDK/2,MAAIGTDK/2
160013,SSHLLQHQR/2,SSHLIQHQR/2
160126,TLIEELK/2,TLLELEK/2
160761,PYQCSECGK/2,PYQCDTCGK/2
161101,IQSDNEYK/2,LQSDNEYK/2
161403,SSNLILHQR/2,SSNLIIHQR/2
161706,LQLWDTAGQER/2,IQLWDTAGQER/2
161990,VFGNEIK/2,VFNGELK/2
162195,ALPELTK/2,AIPELTK/2
162377,PYVCSECGK/2,PYVCTDCGK/2
162636,PYECNSCGK/2,PYECSNCGK/2
162837,SGSFIYQVSTHEQSESAHGR/2,SGSFLYQVSTHEQSESAHGR/2
163242,RPVNVPLDIFSEEIR/2,RPVNVPIDIFSEEIR/2
163487,AAGGATPK/2,AAGQTPK/2
163692,HQIIHTGEK/2,HQLIHTGEK/2
163873,MGYFTIQTYIPCTLIVVLSWVSFWINK/2,MGYFTIQTYIPCILTVVLSWVSFWINK/2
164907,AYDLQSDAIYK/2,AYDLQSDALYK/2
164939,PYVCSECGK/2,PYVCDTCGK/2
165070,LYGHWVK/2,IYGHWVK/2
165358,CGILHPGEDFLCLEGK/2,CGIIHPGEDFLCLEGK/2
165447,LVLSMNVAK/2,LVISASWAK/2
166316,PIDFETNR/2,PLDFESQR/2
168131,LQIELGK/2,LQIEIGK/2
168492,IALLEEAR/2,LALLEEAR/2
168826,PFECNECGK/2,PFECDQCGK/2
170518,GEITGEVR/2,GELTGEVR/2
170643,DVEELQLK/2,DVEELIQK/2
170734,NSPPYILDLLPDTYQHLR/2,NSPPYILDILPDTYQHLR/2
172149,AGGGIGDEIEDPAGDEYELYR/2,AGGGIGDEIEDPAGDEYEIYR/2
173256,LLEPLVTQVTTLVNTSNK/2,LLEPLVTQVTTLVNTNSK/2
173390,ILWALYFNMR/2,LLWALYFNMR/2
173760,TICIAYR/2,TLCIAYR/2
174164,LLISQAR/2,ILLSQAR/2
175169,QELQQAR/2,EQLQQAR/2
176225,PSNLLINTTCDLK/2,PSNLLLNTTCDLK/2
176665,LTELLER/2,ITEIELR/2
177168,LQNELDTLK/2,LQNELDLTK/2
177311,FQYILNPR/2,FQYLLNPR/2
177859,LPGAGLAR/2,LPGAALGR/2
178800,IRPLAEK/2,IRPIAEK/2
180635,SIGYSDLFCLSK/2,SLGYSDLFCLSK/2
180939,CDPTQQK/2,CDPGQATK/2
181681,LFVGGIK/2,LFVGGLK/2
181728,VLPAQEK/2,VIPGAAEK/2
181979,GDQGLPGDR/2,GDQGIPGDR/2
183087,VISSIEQK/2,VLSSIEQK/2
183976,PCCSSSGCGSSCCQSSCCK/2,PCSCSSGCGSSCCQSSCCK/2
185910,YELQIQK/2,YELQQIK/2
186614,VLDPFTIK/2,VIDPFTIK/2
186651,AGQLLSELFTNR/2,AGQLISELFTNR/2
189097,YHYYGLR/2,YHYYGIR/2
189104,LLEQGIR/2,LLEQGLR/2
189126,QQEQDPTNLYISNLPLSMDEQELENMLK/2,QQEQDPTNLYISNLPISMDEQELENMLK/2
189255,LTDFGLCK/2,ITDFGLCK/2
189407,TGTFIALDR/2,TGTFIAIDR/2
189637,TLGPEAK/2,TLGPAEK/2
189647,LSLEGER/2,LSLEADR/2
189866,MAAAPAR/2,MAAAAPR/2
191071,TLIENGEK/2,TIIGGEGEK/2
191697,ITGEPLYNAVVWLDLR/2,LTGEPLYNAVVWLDLR/2
192003,TSLFSFR/2,TSIFSFR/2
192124,FIPGTTK/2,FLPASTK/2
192640,ILHTGEK/2,IIHTEGK/2
193002,GDPGVGER/2,GDPGEVGR/2
194509,LLETLQK/2,LLETAGIK/2
194599,DLSTIEPLK/2,DISTLEPLK/2
194915,EQFEENWYNTYSSNLYK/2,EQFEENWYNTYSSNIYK/2
195329,SIGVSNFNR/2,SLGVSNFNR/2
195608,VEPASEK/2,VEPSAEK/2
195628,VMAGALEGDLFIGPK/2,VMAGALEGDIFIGPK/2
196696,DALCLVLTIMNGGDLK/2,DALCLVLTLMNGGDLK/2
198863,TDILEEK/2,TDLLEEK/2
198901,LTDTLGR/2,LTDSALR/2
199149,VINVNAK/2,VLNVQGK/2
199888,AFNQSSSLTK/2,AFNQSSTLSK/2
200310,ENFPNFLSACDK/2,ENFPNFLSGCEK/2
200839,YHSIMTVR/2,YHSIVTMR/2
201905,EQADFAIEALAK/2,EQADFALEALAK/2
202998,ILHTGEK/2,LIHTGEK/2
203105,AVELGVK/2,AVEIGVK/2
203117,AQYESIAAK/2,AQYESLAAK/2
203145,AVEEEAR/2,AVEEAER/2
203320,TCLVDGK/2,TCIVDGK/2
204964,ILENAQR/2,LLENQAR/2
205056,AISVFIK/2,ALSVFIK/2
205192,WTAPEALR/2,WTAPEAIR/2
205859,QHNCQFLCVNTIGGFTCK/2,QHNCQFLCVNTLGGFTCK/2
206395,FQEEANIYAAK/2,FQEEANLYAAK/2
207247,YVAICHPIR/2,YVAICHPLR/2
207637,LLLEGVENK/2,LLLEGGADVK/2
207718,GIDPFSLDALSK/2,GIDPFSLDSLAK/2
208781,LPPVLLVHLK/2,LPPVLVLHLK/2
208987,EWFFLISK/2,EWFFLLSK/2
210679,IVINVGGTR/2,VILNVGGTR/2
210892,DLIVDQTIEK/2,DLLVDQTIEK/2
210927,VEGGCITK/2,VEGGCLTK/2
211106,EVQSELR/2,EVQSEIR/2
211126,LQSQLLSLEK/2,LQSQLLSIEK/2
211430,PVSLSYR/2,PVSSYLR/2
211882,LEVETVIK/2,LEVTEIVK/2
212086,LDGAINR/2,LDGALNR/2
212562,IIGDTFVK/2,IIGDAYLK/2
213472,ILSTIDR/2,ILSESLR/2
214161,LSESQEK/2,LSEEQSK/2
214594,QILAPVVK/2,QLLAPVVK/2
215015,YISGLLR/2,YISGILR/2
215552,LFIIQACR/2,IFIIQACR/2
216057,TEFSEENLEFWLACEDFK/2,TEFSEENIEFWIACEDFK/2
216514,LLQFVTGTSR/2,LLQFVTGSTR/2
216535,SLHDALCVIR/2,SIHDALCVIR/2
217034,SSEEMAR/2,SSEEAMR/2
218870,LSCMAIR/2,LSCMLAR/2
219930,LHPVQER/2,IHPVQER/2
220654,VLQVWFQNAR/2,VIQVWFQNAR/2
220684,CLEENNGVDK/2,CIEENNGVDK/2
221173,FPFELVK/2,FPFEIVK/2
221174,AIADYLR/2,ALADYIR/2
222822,IPFTILLFFLLHR/2,LPFTILLFFLLHR/2
223341,LADFGLAK/2,IADFGLAK/2
224728,YCYSGIR/2,YCYSGLR/2
226090,LTDFGFAK/2,ITDFQFK/2
226446,TLEEAIR/2,TIEELAR/2
226906,ITETGAVK/2,LTETQVK/2
227062,RPHLGGELGGPR/2,RPHIGGELGGPR/2
227167,LGDFGLAR/2,LGDFGIAR/2
227544,LVGFVLR/2,LVGFVIR/2
227903,AEELLLK/2,AEELILK/2
228343,LGIQECQHQFR/2,IGIQECQHQFR/2
228393,LPEVVYR/2,LPEYVVR/2
228519,GILLYGPPGTGK/2,GLLLYGPPGTGK/2
228624,SILTISR/2,SLITSIR/2
229194,PYVCADCGK/2,PYVCGECGK/2
229396,ELPVAIK/2,EIPVAIK/2
230164,IYPAGWR/2,LYPGWAR/2
231769,TSGSNVK/2,TSGNSVK/2
231917,HIIENAK/2,HLLENAK/2
231979,PYECSQCGK/2,PYECNTCGK/2
232338,LPGISQR/2,LPGSLAGR/2
232499,LSSPSIK/2,LSSPISK/2
233211,LILEELK/2,LILEIEK/2
233647,LLSALIR/2,LLSAILR/2
235282,QNLQLCVQVASK/2,QNLQICVQVASK/2
236289,VHVNLLLLEAR/2,VHVNLLLIEAR/2
237061,LLPSGQR/2,LIPSGAGR/2
237136,TALPNMDR/2,TAIPNMDR/2
237316,IIVPNSTAGLIIGK/2,LIVPNSTAGLIIGK/2
237680,TLEQLAR/2,TLELQAR/2
239512,NLTWTLSNLCR/2,NITWTLSNLCR/2
239784,PYQCGECGK/2,PYQCDACGK/2
240319,LEYDAYR/2,IEYDAYR/2
240765,PYECIECGK/2,PYECLECGK/2
240967,LNVAITR/2,LNVALTR/2
241052,TEELEIEK/2,TEELELEK/2
241209,ICDFGFAK/2,LCDFGFAK/2
242492,ISDFGLAK/2,ISDFLQK/2
242729,ILIQAQR/2,ILLQAQR/2
242964,VEPGIFEWTK/2,VEPGLFEWTK/2
243053,SNLISHQR/2,SNLLSHQR/2
243133,AGGPVAR/2,AGGPAVR/2
244642,EIDASCIK/2,ELDASCIK/2
245753,NIEEENK/2,NLEEENK/2
246292,EIICVPYMAK/2,ELICVPYMAK/2
246363,QDLLAEK/2,ENLLAEK/2
246711,VALQAEK/2,VALQEAK/2
247122,TLFIFGVTK/2,TLFLFGVTK/2
247243,MSATFIGNSTAIQELFK/2,MASTFIGNSTAIQELFK/2
247531,LQEAELR/2,LQEALER/2
249470,DFVQVMR/2,DFVQMVR/2
249792,ALYNLGNVYHAK/2,ALYNIGNVYHAK/2
252973,IWDLEGK/2,IWDLADK/2
253980,ITEEQAR/2,LTEEQAR/2
253987,IGDILQK/2,LGDILQK/2
254436,LLSITVR/2,LISSLLR/2
254807,LNEMEQLK/2,INEMEQLK/2
254997,EIEWDDLAQLPFLTMCLK/2,EIEWDDLAQLPFLTMCIK/2
255137,LDTLCDLYETLTITQAVIFINTR/2,LDTLCDLYETLTITQAVIFLNTR/2
255181,AILPCIK/2,AIIPCIK/2
255313,AFIITINSFGTELSK/2,AFIITLNSFGTELSK/2
256593,SIPTQER/2,SLPQTER/2
258075,MCDDEETTALVCDNGSGLVK/2,MCDEDETTALVCDNGSGLVK/2
258186,LAVEAVLR/2,LAVEALVR/2
258377,LALDYGIK/2,LAIDYGIK/2
258418,LPEVYCVISR/2,LPEVYCIVSR/2
258575,NISDFLVK/2,NLSDFLVK/2
260697,QTLEILK/2,QTIELLK/2
260786,LSEETEK/2,LSEEETK/2
260986,IQIWDTAGQER/2,IQLWDTAGQER/2
261148,AQILELLVLEQFLSILPGELR/2,AQILELLVLEQFLSILPGEIR/2
261483,LSINLLR/2,LSLNILR/2
264402,GPEVDIK/2,GPEVDLK/2
264685,SLVLANK/2,SLVLGQK/2
264904,SVITYVSSLYDAFPK/2,SVITYVSSIYDAFPK/2
265199,ISMPDIDLNLK/2,ISMPDLDLNLK/2
266864,ADIDVSGPK/2,ADLDVSGPK/2
266989,VDIDVPDVNIEGPEGK/2,VDIDVPDVNIEGPDAK/2
267857,IFMFQLLR/2,LFMFQLLR/2
267869,IFLWSLR/2,LFLWSLR/2
269019,SAIEQVR/2,SALEVQR/2
269108,LQQAQMLR/2,LQQAQLMR/2
269257,QLAEEAGK/2,QLAEEQK/2
269331,ISMPDFDLNLK/2,ISMPDIDFNLK/2
270607,EEEELQR/2,EEEEIQR/2
271315,VPDVELK/2,VPDVEIK/2
271733,SEFSEENIEFWLACEDYK/2,SEFSEENLEFWIACEDYK/2
273121,AIEIELAK/2,AIELEAIK/2
273123,ALAEENR/2,AIAENER/2
273588,LADISLGK/2,LADSLIGK/2
273901,DVAILQER/2,DVALLQER/2
274055,GSIELSR/2,GSIESLR/2
275397,PYQCNACGK/2,PYQCGQCGK/2
275861,LVGNYVR/2,LVGQTFR/2
276579,EIEMAQK/2,ELEMAQK/2
276807,QQQLQHR/2,QQQIQHR/2
276940,MQLSGEGAK/2,MQISNAEK/2
277183,AVGSNAR/2,AVGSQGR/2
277439,GPEIDVK/2,GPELDVK/2
279688,PYECNTCR/2,PYECSQCR/2
279935,MSSENEK/2,MSSEQDK/2
280346,TLLAVTRPFISSK/2,TILAVTRPFISSK/2
280875,NLLILGK/2,NLLLLGK/2
282226,YQEEEAR/2,YQEEAER/2
283018,DVIGDEICCWSFYGQGR/2,DVLGDEICCWSFYGQGR/2
285337,LLDFLIK/2,LLDFILK/2
285480,TEIEQTK/2,TEITQEK/2
285529,IPPIAAR/2,LPPAALR/2
286700,LHTGERPYECSK/2,IHTGERPYECSK/2
287010,LLPWLDK/2,ILPWLDK/2
287018,VVLQELR/2,VVIQLER/2
287226,SCVIVIR/2,SCVIVLR/2
287428,LAEVCCTSIVYATEK/2,IAEVCCTSIVYATEK/2
287493,LLDQEAK/2,IIDAQEK/2
288927,VSEETEK/2,VSEEETK/2
289102,MHDLNIAMDGLR/2,MHDLNLAMDGLR/2
289806,LVGEIVR/2,IVGELVR/2
290366,ELIFSAR/2,ELIFTGR/2
291885,PYICEACGK/2,PYICAECGK/2
292253,HIIIHTGEK/2,HLIIHTGEK/2
292489,STAVMSMVGYILGLGDR/2,STAVMSMVGYIIGLGDR/2
292726,INEEIER/2,LNEEIER/2
293411,HIIIHTGEK/2,HILIHTGEK/2
296082,LPATLSR/2,LPATSLR/2
297055,SSILNAK/2,SSLLNAK/2
297366,GIQGVVR/2,GLQGVVR/2
299055,AVPAQEVK/2,GLPPTQTK/2
299086,ILEILQFILNVR/2,IIEILQFILNVR/2
299572,SIDPGLK/2,SLDPGLK/2
301763,EQLALLK/2,EQLAILK/2
302168,ASLLASR/2,ASLLTGR/2
303126,ISVLQEEK/2,LSVLQEEK/2
303136,LLLAIMESR/2,LLLALMESR/2
306133,PYECLQCGK/2,PYECIQCGK/2
306237,ICGSPCPAVWPDVIK/2,LCGSPCPAVWPDVIK/2
306339,PYECIDCGK/2,PYECLDCGK/2
306384,IVAENLEK/2,IVAELQDK/2
306676,FFLCSMYAPVCTVLEQAIPPCR/2,FFLCSMYAPVCTVLEQALPPCR/2
306762,VDDHIIR/2,VDDHLIR/2
307209,PYICNECGK/2,PYLCNECGK/2
308411,ILEMNDK/2,LLEDNMK/2
308443,PYGCSECGK/2,PYGCTDCGK/2
308973,LLSSAQR/2,LLSQASR/2
310349,DLGLPAR/2,DLGLAPR/2
311399,LEQAEEK/2,LEQEAEK/2
311406,SPSDGAR/2,SPSDAGR/2
312905,SNPDLEK/2,SNPDELK/2
313132,SDLIPTIK/2,DSLIPLTK/2
313378,YQIAVTK/2,YQLAVTK/2
314847,ISSESAR/2,LSSESAR/2
317305,LTAEATGK/2,ITAEATGK/2
318164,WLAESIR/2,WLAESLR/2
318337,LEGAGSR/2,LEGGSAR/2
318442,GLFWANLR/2,GLFWANIR/2
319033,SLEDALR/2,SLEDLAR/2
319132,AALEEVER/2,AALEEEVR/2
320594,IVSGNLR/2,LVSAVNR/2
321050,HEIENLR/2,HELENLR/2
323441,LLAALIR/2,ILAAILR/2
323807,ANELQLR/2,GQELQLR/2
324450,VLLAEYK/2,VLIEAYK/2
324815,LSASSPR/2,ISASSPR/2
325606,SLIPTLEK/2,SLLPTLEK/2
328172,QLDIELK/2,QLDLELK/2
328464,ALYLSGYR/2,AIYLSGYR/2
328509,AGPEAEK/2,AGPEEAK/2
328900,NEFISEYCGEIISQDEADR/2,NEFISEYCGELISQDEADR/2
329649,NELLPNLEK/2,NELIPNLEK/2
331022,VVIVLIDALR/2,VVLVLIDALR/2
331361,FTEEAFASLICIIFIYEAIEK/2,FTEEAFASLICIIFIYEALEK/2
331433,LYLSENWICFYSNIFR/2,LYLSENWLCFYSNIFR/2
333443,MPLQSEEEFIEHCQMHPDLR/2,MPLQSEEEFLEHCQMHPDLR/2
333587,SLLEVQR/2,TVLENLR/2
334121,IPPLGER/2,LPPDALR/2
335307,ISFIGHSLGNIIIR/2,ISFIGHSLGNLIIR/2
335805,EIQEHVK/2,ELQEHVK/2
336202,YVSACLR/2,YVSVMNR/2
336341,WLLLELK/2,WLIELIK/2
336441,YFYLLENLAWVK/2,YFYLLENIAWVK/2
337121,ILTGPVVR/2,LLTGPVVR/2
337385,LQEELAK/2,IQEEIAK/2
338182,FLISNEK/2,FIIDNTK/2
338596,FPIGSQK/2,FPLQSGK/2
341307,QSLSLGR/2,QSISIGR/2
341333,AAHIAVLDSELFLEK/2,AAHIAVLDSEIFLEK/2
342610,LLHTGNSIK/2,LLHTGNSLK/2
343393,LLSSEDSAK/2,LLSGDSTEK/2
343606,YPSLTNLK/2,YPSLSQLK/2
343612,MILDLLK/2,MLLDILK/2
345278,TEGRPSVQR/2,TEGRPTVNR/2
346046,MLLTVYCVR/2,MLITVYCVR/2
347843,IATASEK/2,LATASEK/2
350245,MGTYSTILIK/2,MGTYSTLLIK/2
351006,IIQENER/2,LLQEENR/2
354595,MTHLQAGLSPETLEK/2,MTHLQAGLSPETIEK/2
354663,HAHEIMLK/2,HAHELMLK/2
354893,EQESLIK/2,EQESILK/2
354967,GTFTLSTTLR/2,GTFTISTTLR/2
354999,VLYNQGK/2,VLYNANK/2
355080,NLAIVFGPTLVR/2,NLALVFGPTLVR/2
356293,GRPSLVR/2,GRPLSVR/2
356491,TSATLTIR/2,STATLTLR/2
356631,GQTICIDK/2,ANTLCIDK/2
357706,IQDILTR/2,LQDLTLR/2
360036,STNPASR/2,STNPSAR/2
360513,LEIPGSR/2,LELPGSR/2
360604,ISESLVR/2,ISESVLR/2
362193,GLAPNFMK/2,GIAPNFMK/2
363088,VPSDVQK/2,VPDQSVK/2
363463,HISEQLR/2,HLSEQLR/2
363922,VFTFNIK/2,VFTFGLGK/2
366367,AAGLLEQK/2,AAGIEIQK/2
366849,TQDELER/2,TQDEIER/2
367170,ALYALMEK/2,ALYAMEIK/2
369226,LPPASLK/2,LPPGLTK/2
369292,PYVCGECGR/2,PYVCADCGR/2
369414,NLTEGLK/2,NITEGLK/2
370632,VNNEGEGDPFYEVLGLVTLEDVIEEIIK/2,VNNEGEGDPFYEVLGIVTLEDVIEEIIK/2
371761,SLEEALK/2,SLEAELK/2
372527,SFILDFMLR/2,SFLLDFMLR/2
374969,LLVEEIK/2,LIVELEK/2
375689,SLLLHQR/2,SLLIQHR/2
378836,LGHGELK/2,IGHGELK/2
378890,SLLLHQR/2,SLLLHGAR/2
379569,SLLLHQR/2,SLILHQR/2
381325,LLIPDDFK/2,LLLPDDFK/2
381575,YNSLLIR/2,YNSLLLR/2
381657,SAGVATFVLQEEFDR/2,SAGVATFVIQEEFDR/2
383324,IFGGLILDIK/2,LFGGLILDIK/2
383736,LNWAFNLYDINK/2,LNWAFNLYDLNK/2
384520,EQEIALR/2,EQELALR/2
384667,LEISESR/2,IEISESR/2
385497,VEEIPQR/2,VEELPQR/2
387304,SLSGSLR/2,SLSSGLR/2
387659,ALELNPK/2,AIELNPK/2
388241,PFECNICGK/2,PFECNLCGK/2
388293,FLFSMER/2,FLFEMSR/2
388705,VSADLGPR/2,VSADLPGR/2
388723,LATSMAK/2,IASTMAK/2
390893,GDIIILR/2,GDIILLR/2
390934,QLQLILLK/2,QLQLLLLK/2
391282,LTPSQVK/2,ITPSQVK/2
391466,VLILHLK/2,VLIIHLK/2
391492,LTPEALK/2,TIPEAIK/2
391521,LNTLILR/2,INTLILR/2
392314,DQELLEAAR/2,NEELLAEAR/2
392499,VFIGNLNTAIVK/2,VFIGNLNTALVK/2
392750,SYSSEEK/2,SYSESEK/2
392914,VLDELTLCR/2,VLDEITLCR/2
395418,ALANALK/2,AIANALK/2
396753,HQLIHLGEK/2,HQIIHLGEK/2
397482,FMEEENK/2,FMEENEK/2
397514,HFIVPASR/2,HFLVPASR/2
398417,VVVSYPPQSEAELELK/2,VVVSYPPQSEAEIELK/2
398754,ELALQITK/2,ELALQTLK/2
398765,IHSIEEK/2,LHSLEEK/2
398993,GYAFLLFQEESSVQALIDACIEEDGK/2,GYAFLLFQEESSVQALIDACLEEDGK/2
400051,LFLSDEELK/2,LFITDDELK/2
403917,AGPGSQR/2,AGPGSAGR/2
404865,LPENSPSK/2,IPGGTDSPK/2
404910,GPQIDVK/2,GPQLDVK/2
405272,EALLQEK/2,EAILQEK/2
410533,FSESSER/2,FSESESR/2
410981,LEVDPSK/2,IEVDPSK/2
412240,SLDLTVK/2,SIDLTVK/2
413069,VQMQVVQQLEIQLAK/2,VQMQVVQQLELQLAK/2
413396,SDLSELR/2,SDLSLER/2
413975,VYLLENGACIAK/2,VYLLENGACLAK/2
413984,CLGSPQHIK/2,CLGSPQHLK/2
414410,SLLLSTK/2,SLLISTK/2
415335,NSSLILHQR/2,NSSLIIHQR/2
415962,EQLQQLR/2,QELQQLR/2
416945,ASHCSLCDNCVER/2,ASHCSICDNCVER/2
417267,LPALFFLFK/2,LPAIFFLFK/2
417874,WGLGYHLSLHR/2,WGIGYHLSLHR/2
418211,TSFSDPGVLPR/2,TSFSDPGVIPR/2
418434,LWNIMEK/2,LWNLMEK/2
418845,DYILELK/2,DYLLEIK/2
419438,LLSSEMK/2,LLSESMK/2
419582,PSLSVQPGPMVAPGESLTLQCVSDVGYDR/2,PSLSVQPGPVMAPGESLTLQCVSDVGYDR/2
420016,TGVALGR/2,TGVAVAR/2
420064,LEETAGK/2,IETEAGK/2
421114,ADIFALGIIIWAMLER/2,ADIFALGIIIWAMIER/2
421270,LQEEIEK/2,IQELEEK/2
422062,IVEAVDGK/2,LVEAVDGK/2
423168,ADIVHAFLSIPSLSHSVISQTSFR/2,ADIVHAFLSIPSLSHSVLSQTSFR/2
425468,LQEEIEK/2,LQEELEK/2
425983,PIPTLAR/2,PLPSVVR/2
426141,AEPQEEEEEK/2,AEPEEEQEEK/2
426416,MGAGSAR/2,MGASAGR/2
426699,SSLFQISK/2,SSIFQISK/2
426852,SELELLK/2,SELEILK/2
427689,NLTSLGK/2,NLTSIGK/2
428616,AELILLK/2,AEILLLK/2
428856,LQEEIEK/2,IQEELEK/2
432819,EELIDAIR/2,EEIIDAIR/2
432895,FDHLEVR/2,FDHIEVR/2
432971,DLTVCEPPK/2,DITVCEPPK/2
433266,LSAYVIR/2,LSAYVLR/2
435302,IQEELEK/2,IQELEEK/2
436404,LQEESLR/2,IQEESLR/2
436660,FEIEIEPLFASIALYDVK/2,FEIEIEPIFASLALYDVK/2
437426,FALTFGLDQLK/2,FALTFGLDQIK/2
437541,SDIWSLGITAIEMAEGAPPLCDMHPMR/2,SDLWSLGITAIEMAEGAPPLCDMHPMR/2
438850,QELLDIR/2,QELIDLR/2
439003,SGSLLFR/2,GSSLLFR/2
439191,ISPSAALR/2,LSPTQLR/2
439244,IQEELEK/2,LQEELEK/2
439650,IQELEER/2,LQEELER/2
439828,FDHDAEIEK/2,FDHDAELEK/2
440025,HILVSDR/2,HLIEATR/2
440907,TGIGVIR/2,TGLGVIR/2
442660,QQLLADR/2,QQLLGER/2
443412,AIQTAIR/2,AIQTALR/2
446779,LIQEAQK/2,LLQEAQK/2
448167,TNIFVFK/2,TNLFVFK/2
448295,VLQEQLK/2,VLQEQIK/2
448359,LNPADIK/2,NLPADIK/2
449561,DLLPFTLR/2,DLLPTIFR/2
449938,ILPALGVK/2,ILPVQLK/2
451303,VLNDNIK/2,VLNNDIK/2
451578,IQELEEK/2,LQEELEK/2
451823,DTLYIAGR/2,DTLYIGAR/2
452541,THPLLIR/2,THPLLLR/2
453313,IYHTNYVR/2,LYHTNYVR/2
453913,ITQQEEK/2,ITQEQEK/2
454677,SGASYAYILEAFGGFIAFIR/2,SGASYAYILEAFGGFLAFIR/2
457333,LPGPPGK/2,IPGPPGK/2
457744,SIPESIK/2,SIPESLK/2
457998,GRPSGGAR/2,GRPGAGSR/2
458400,DESSAATK/2,DESSATAK/2
458524,SPPQLMLSK/2,SPPQLMISK/2
459666,LTMASVVK/2,LTMSAVVK/2
459819,PYECNECGR/2,PYECQDCGR/2
460114,NSLLWVK/2,NSILWVK/2
460556,ITNYVIEK/2,ITNYIVEK/2
460914,DPCDPPGRPEAIIVTR/2,DPCDPPGRPEAIVITR/2
461494,LTGYIVEK/2,ITGYIVEK/2
461531,PYYAQIR/2,PYYLQAR/2
462788,ACFLAIR/2,ACFLLAR/2
464576,ILHLLGK/2,ILHLGLK/2
464589,LSSSGLR/2,LSSSLGR/2
465279,SIPITVK/2,TVPLLSK/2
466580,QQEILEK/2,QQELIEK/2
467224,LWDIGGQPR/2,IWDIGGQPR/2
467764,LAGAGGR/2,LAGGAGR/2
468562,SLVQDLK/2,SIVNELK/2
468883,LGISLTR/2,IGISLTR/2
469180,SQLLSGTLPK/2,SQILSGTLPK/2
470574,FLHETGLAMIYGLLVGLVLR/2,FLHETGLAMIYGLIVGVILR/2
471962,LLDIENK/2,ILDLENK/2
473459,SLQDASR/2,SLQDGTR/2
473489,GINLSGGQK/2,GLNLSGGQK/2
474287,ITVDELK/2,LTVDELK/2
476417,EIEELEK/2,ELEEIEK/2
477267,YINGLDPEPLPLMDLCR/2,YLNGLDPEPLPLMDLCR/2
477339,LEADGTEK/2,IEGETGEK/2
478307,ITHTGEK/2,LTHTGEK/2
478677,PADLGPR/2,PADIGPR/2
479373,ALQQQLR/2,ALQQLQR/2
480606,QHIDYGHWYDR/2,QHLDYGHWYDR/2
481473,SGLVQHQR/2,GSLVQHQR/2
481855,TVPGYLR/2,VTPSFVR/2
481895,TPESNIK/2,TPENLSK/2
482848,CIQACGQER/2,CLQACGQER/2
482998,FDIEIGR/2,FDIELGR/2
483753,WLGTLEK/2,WLASLEK/2
485866,LASLGLK/2,LASLGIK/2
486464,IPSAGER/2,IPSAEGR/2
487120,QLYLLDDPLSAVDAHVGK/2,QIYLLDDPLSAVDAHVGK/2
487485,QLLIVANAHMHWDPEYSDVK/2,QLILVANAHMHWDPEYSDVK/2
489254,VLNLSDNR/2,VINLSDNR/2
489672,VEEEEIK/2,VEEELEK/2
490188,PYICTDCGK/2,PYICSECGK/2
490501,AFSQSSNLFR/2,AFSQSSNFLR/2
490900,DGHPLLK/2,DGHPLIK/2
491045,VLLGEGVLTK/2,VLIGEGVLTK/2
491341,YPTPYPEDLK/2,YPTPYPDELK/2
491379,QIEEENR/2,QLEEENR/2
492435,GTVQTGVETSK/2,GTVQTGVDTTK/2
494809,SNIFTSR/2,SNLFTSR/2
495369,EDLAIQK/2,EDIALQK/2
495827,VQDFLGLK/2,VQDFLGIK/2
496223,AIHTGEK/2,ALHTGEK/2
498705,AASESIR/2,AASESLR/2
501484,EIAEAVK/2,ELAEAVK/2
502089,SIMFNLK/2,SLMFNLK/2
502259,YLEEEYR/2,YLEEYER/2
503343,GHVWTDR/2,GHVECLR/2
504075,AFSCSSSLR/2,AFSCSSSIR/2
504170,IPDISQK/2,LPDQLSK/2
504189,AHGHGLCTGPK/2,AHGHGICTGPK/2
504295,SSIINSLK/2,SSLINSLK/2
505639,IQEESLR/2,IQESIER/2
506224,LLVLVPPSK/2,LIVLVPPSK/2
506672,LTLDQLK/2,ITLQDLK/2
507140,AQIEEEK/2,AQLEEEK/2
507934,PLPPSAK/2,PLPPASK/2
511704,PYECNACGK/2,PYECGQCGK/2
512197,ILHALAR/2,LLHALAR/2
512858,GFACVSPGENQLPVWIPTR/2,GFACVSPGENQLPVWLPTR/2
514367,GHGGASGR/2,GHGSNAR/2
515724,SPIAAAR/2,SPLAAAR/2
516118,LLTNHLK/2,LLSQHLK/2
518784,SHLLVHQR/2,SHLIVHQR/2
519185,DTPQHPK/2,SEPQHPK/2
521503,QELENLK/2,QEIENLK/2
523041,LLISADR/2,LLLSGER/2
523938,PLCASDGR/2,PICASDGR/2
524197,YVANIFPYK/2,YVANLFPYK/2
525779,IQSQIGGEFQSFPK/2,LQSQIGGEFQSFPK/2
526456,IVTLETK/2,LVTLETK/2
526477,LHTGERPYR/2,IHTGERPYR/2
526586,EEILSGALR/2,EELLSQIR/2
526839,IWFTAQR/2,IWFATQR/2
527042,SLLQLVK/2,SILQLVK/2
528693,SHLLIHQR/2,SHLIIHQR/2
529419,PYVCDTCGK/2,PYVCTDCGK/2
530437,RPGLGTVGK/2,RPGIGTVGK/2
531015,LHLSFYLTSIYDHSIFEAFSK/2,IHLSFYLTSIYDHSIFEAFSK/2
531018,YLNLGMCNIK/2,YLNLGMCNLK/2
531142,IYTCSECGK/2,LYTCSECGK/2
531756,SHLLIHQR/2,SHLILHQR/2
531876,MAAGGLSR/2,MAANLSR/2
534393,TVLMIAIQLLSR/2,TVLMIAIQLISR/2
537499,SGTSTLR/2,SGTSTIR/2
537941,LEDEAAR/2,LEDAEAR/2
538067,IHSGERPYACGECGK/2,LHSGERPYACGECGK/2
538255,EIENIEK/2,EIENLEK/2
538714,EQILAVAR/2,QEILAVAR/2
538873,ALGNIAR/2,ALGGQLR/2
540976,LEDEAAR/2,LEDSSPR/2
542031,WILLDGDIDPMWIESLNTVMDDNK/2,WIILDGDIDPMWIESLNTVMDDNK/2
542850,CQICPYASR/2,CQLCPYASR/2
543543,TFDIEEK/2,TFDLEEK/2
544843,LTVNLDCLR/2,LTVNLDCIR/2
545154,ALQDAIR/2,ALQDLAR/2
546777,ANVVLLR/2,NAVVILR/2
549743,IPANLLDQFEK/2,LPANLLDQFEK/2
551080,QGIPWWLGLSYK/2,QGLPWWLGISYK/2
552153,HQSLHTGEK/2,HQSIHTGEK/2
554765,QTLEIAR/2,QTLELAR/2
555937,LLEVNER/2,LLEVENR/2
555989,STETGIAVEMR/2,STETGLAVEMR/2
556141,VAIDNAR/2,VALDNAR/2
556402,PQIGDLPPK/2,PQLGDLPPK/2
556523,NDLQLQVQAEAEGLADAEER/2,NDLQLQVQAEADALADAEER/2
557704,DTQIHLDDALR/2,DTQLHLDDAIR/2
560115,EATENTIK/2,EATENTLK/2
563068,LHEATAK/2,IHETAAK/2
563751,GLGVMPK/2,GIGVMPK/2
564391,QAFINSGAWQIGLANFVGIIDNHYPK/2,QAFINSGAWQIGLANFVGLIDNHYPK/2
565779,DHGEPSLTATATVLVSLVESGQAPK/2,DHGEPSLTATATVLVSLVEGSQAPK/2
566396,YISDALR/2,YLSDLAR/2
568016,LEHLLQLK/2,LEHLQLLK/2
570472,VLCCEWLRPEIHTK/2,VLCCEWLRPELHTK/2
570840,LLGELLLDR/2,LLGELILDR/2
572890,LPGSVGEK/2,LPDNTVK/2
574116,SLILHQR/2,SLLIQHR/2
574312,SYICSECGK/2,SYLCSECGK/2
575249,LSNIFVIGNGNK/2,ISNIFVIGNGNK/2
575590,DVAIEFSLEEWQCLDTAQQNLYR/2,DVALEFSLEEWQCLDTAQQNLYR/2
576755,VFIDICLK/2,VFIDLCLK/2
577059,WVITVPAIWK/2,WVLTVPAIWK/2
577121,HHIIHTGEK/2,HHILHTGEK/2
577805,AALEPFQTEEDSVSVSDAPGSCIIDCNEK/2,AALEPFQTEEDSVSVSDAPGSCLIDCNEK/2
578000,IIHTEGK/2,LIHTGEK/2
578250,VGQIFAAWK/2,VGQLFAAWK/2
578335,FEGPHGQPVGGLR/2,FEGPHGQPGVGIR/2
578526,HYIIHTGEK/2,HYLIHTGEK/2
578617,IANFSNLIFLHLK/2,IANFSNLLFLHLK/2
579042,MSIQAPPR/2,MSLQAPPR/2
580565,PYGCGECGK/2,PYGCDACGK/2
580915,LIHTGDK/2,IIHSGEK/2
580947,RPYECLECGK/2,RPYECIECGK/2
581334,IYALGGR/2,LYALGGR/2
582150,LFPNGLR/2,FIPGLNR/2
582335,IYALGGR/2,LYAIGGR/2
583597,PHGCSICGK/2,PHGCSLCGK/2
583643,LIHTGDK/2,LIHSGEK/2
584184,DLILQLDYPYTQGSQDSALLQLLEIR/2,DLILQLDYPYTQGSQDSALLQLIELR/2
585117,PYGCQECGK/2,PYGCEQCGK/2
585747,HILIHTGEK/2,HLIIHTGEK/2
586199,GAAPGSR/2,AGAPGSR/2
588076,VVSVFYTVVIPMLNPLIYSLR/2,VVSVFYSLVIPMLNPLIYSLR/2
588553,PYECNICGK/2,PYECNLCGK/2
588929,SSLLSHQR/2,SSLISHQR/2
589500,QEVPMYTGSEPR/2,QEVPMYTGPESR/2
589673,HETTHTGEK/2,HETTHSAEK/2
589990,DIMHPEDK/2,DLMHPEDK/2
590365,NLVSLGIAVSK/2,NLVSLGLAVSK/2
591077,IHQNIHTGEK/2,LHQNIHTGEK/2
591534,IIHSGEK/2,LIHSGEK/2
592714,DVAVVFTEEELGLLDSVQR/2,DVAVVFTEEELGLLDVSQR/2
592815,PYACQSCGK/2,PYACSQCGK/2
594073,AFNLFSNLTNHK/2,AFNLFSNITNHK/2
594399,LGQGLGK/2,LGQGIGK/2
594702,ILHTGENLYK/2,IIHTGENLYK/2
594838,DITNQEELWK/2,DITNQEEIWK/2
595198,SSHLTQHK/2,SSHITQHK/2
595202,PYECDICGK/2,PYECDLCGK/2
595839,IVIADVK/2,IVLADVK/2
596260,EEICAQSAR/2,EELCAQSAR/2
596319,YIAICHPLR/2,YLAICHPLR/2
596818,LWDIADK/2,IWDLADK/2
596977,LVSVFYTILTPMLNPLIYSLR/2,VLSVFYTILTPMLNPLIYSLR/2
597536,VLEVQIQTLNIQK/2,VLEVQLQTLNIQK/2
598517,LSHLTTHK/2,ISHLTTHK/2
599008,IPSAQQR/2,LPSAQQR/2
599338,LISLFYGVVTPMLNPIIYSLR/2,LISLFYGVVTPMLNPILYSLR/2
600071,NFSFLEISFTTVFIPR/2,NFSFLEISFTSIFIPR/2
600077,IASVFYTVVIPMLNPLIYSLR/2,VATVFYTVVIPMLNPLIYSLR/2
600489,LLILSYVGGLLHALIHEGFLFR/2,LLILSYVGGILHALIHEGFLFR/2
603084,IQESEEK/2,LQESEEK/2
603495,IHSGERPYR/2,LHSGERPYR/2
603585,PYVCNICGK/2,PYVCNLCGK/2
605377,SHSGEGR/2,SHSADGR/2
605499,LLSVFYTIFTPLLNPIIYTLR/2,ILSVFYTIFTPLLNPIIYTLR/2
605581,MSSATGR/2,MSSTAGR/2
605893,MIVDALLK/2,MIVDLLAK/2
606267,FLAVFYTIITPILNPIIYTLR/2,FVALFYTIITPILNPLIYTLR/2
606472,NLLVYSYFEK/2,NLLVYSFYEK/2
606943,WLGTCVNIK/2,WLGTCVNLK/2
607429,PLHYSTIMNR/2,PLHYTSIMNR/2
607936,YSSILTSNR/2,YSSILTNSR/2
608446,YPVIMNR/2,YPVLMNR/2
608639,IPSTQGR/2,IPSASQR/2
609376,LYAIGGR/2,LYALGGR/2
609801,AFNISSHLTTHK/2,AFNLSSHLTTHK/2
610746,DIFYCAHVVALSLYR/2,DLFYCAHVVALSLYR/2
610924,PISPTTR/2,PLSTTPR/2
611279,IHFFLALYLANDMEEDDEDSK/2,LHFFLALYLANDMEEDDEDSK/2
616248,IQIGADK/3,AAVAGLDK/3
617755,NLAIVWAPNLLR/3,NLALVWAPNLLR/3
617901,ELEAAQR/3,LEEAAQR/3
619472,AGEEVLAR/3,QEEVLAR/3
620498,EEAEALR/3,EAEEALR/3
621986,GFTHTLR/3,ASFHTIR/3
622879,SIQELEK/3,SIEQLEK/3
624207,GLINLGNTCFMNCIVQALTHTPILR/3,GLINLGNTCFMNCIVQALTHTPLLR/3
625591,ELEELSER/3,ELEEISER/3
628370,WLRPELR/3,WLRPEIR/3
628990,SILLSGTVLPSAQR/3,SIILSGTVLPSAQR/3
629502,SSLAEVQSEIER/3,SSIAEVQSEIER/3
629712,YIITLHELLAHTPHEHVER/3,YILTLHELLAHTPHEHVER/3
629787,SHIVEAHVR/3,SHLVEAHVR/3
630686,SLAGAAK/3,SIGAAAK/3
631269,LLVPTQFVGAIIGK/3,ILVPTQFVGAIIGK/3
631736,FVPYYDLFMPSLK/3,FVPYYDIFMPSLK/3
633231,DVDLACR/3,DVDIACR/3
633323,VTADISLAK/3,VTADLSLAK/3
633342,QQQQQQK/3,GAAAPSASQR/3
635960,DLAAIPK/3,DLAALPK/3
636048,ALSAYQR/3,LASAYGAR/3
636541,LGLQDGK/3,GIIQDGK/3
636553,YILSLSFR/3,YLLSLSFR/3
637010,LNLVDLAGSER/3,INLVDLAGSER/3
639925,LTDFGLSK/3,ITDFGLSK/3
640517,EIQMLAR/3,QLEMLAR/3
641176,GIGETPIVPLGISYIDDFAK/3,GIGETPIVPLGLSYIDDFAK/3
641389,IHTGERPYK/3,LHTGERPYK/3
642009,YLLLNPK/3,LYILNPK/3
642028,TSQELQMK/3,TSQEIQMK/3
642166,YQQDQIVK/3,YQQDQLVK/3
643122,LLGGQIGLEDFIFAHVK/3,LLGGQLGLEDFIFAHVK/3
644882,QGEALSK/3,GQEAISK/3
644947,ADIPSPR/3,ADLPSPR/3
645377,LFITNESGYYLDISLYK/3,LFLTNESGYYLDISLYK/3
646252,IDLTEAR/3,LDLTEAR/3
646467,FGEVVDCTIK/3,FGEVVDCTLK/3
646525,IWNILLFLLTVQLVGIIK/3,IWNILLFLLTVQLVGLIK/3
647352,SEGTCIHR/3,SEGTCLHR/3
647952,FIPPWLK/3,LFPPWIK/3
648590,QPQLLVK/3,QPQLIVK/3
648634,QLLCIAR/3,QLLCLAR/3
649300,HLGVCISVANNR/3,HIGVCISVANNR/3
649324,PENILLK/3,PENILIK/3
649360,ILDFGLAR/3,LIDFGLAR/3
649822,EEEGIQLR/3,EEEGLQLR/3
650551,QIVSFDK/3,QVISFDK/3
652486,ISLVDLAGSER/3,LSLVDLAGSER/3
652739,VPTVPPR/3,PVTVPPR/3
652760,NILLEEK/3,NLILEEK/3
653443,ATAENEFVALK/3,TAAENEFVALK/3
653685,QELGEAR/3,QLEGEAR/3
654787,IIHTGEK/3,ILHTGEK/3
655076,SQILFALVFTTR/3,SQLLFALVFTTR/3
655251,FSILNAK/3,FSLLNAK/3
657336,TMDNVATFCMLLMLFIFIFSILGMHLFGCK/3,TMDNVATFCMLLMLFIFIFSILGMHIFGCK/3
657370,VNIVPILAK/3,VNIVPLIAK/3
657826,LIDFGIAHK/3,IIDFGLAHK/3
658042,LITQDLVQEK/3,LLTQDLVQEK/3
659091,DTLGLGK/3,DTLGIGK/3
660857,GINLSGGQR/3,GLNLSGGQR/3
661261,AAALISR/3,AAAILSR/3
661801,EEIDWTTNELR/3,EELDWTTNELR/3
661866,QELGEAR/3,EQLGEAR/3
662188,ASESPAR/3,ASSEPAR/3
662425,LPPGGLPGIDLSDPK/3,LPPGGIPGIDLSDPK/3
662644,LSNRPAFMPSEGK/3,ISNRPAFMPSEGK/3
663491,LLEGIVK/3,LLGEIVK/3
663585,ISLVFYQHK/3,LSLVFYQHK/3
664624,GAGISGR/3,GAGLSGR/3
665116,EIEEQEK/3,ELEEQEK/3
666310,LLIPHTR/3,LLLPHTR/3
666647,VAILIPFR/3,VAIIIPFR/3
668013,EEIEELK/3,ELEEELK/3
669401,IGVFSVLYTVPATIVLACYFYEQAFR/3,IGVFSVLYTVPATIVIACYFYEQAFR/3
670395,QELTQIK/3,ELQTQIK/3
670439,LQSDSQR/3,QLSDSQR/3
670942,ELEEELR/3,EELEEIR/3
671191,AEELESR/3,AEEIESR/3
672649,AFETVAIDR/3,AFETVALDR/3
672864,SFQALPYVALLIAMIFFIYAVIGMQMFGK/3,SFQALPYVALLIAMLFFIYAVIGMQMFGK/3
673697,ELSSEDK/3,ITDSEDK/3
675032,LQDLEER/3,LQDIEER/3
675655,LQFHNVK/3,IQFHNVK/3
675928,QAEEEER/3,EQAEEER/3
677170,IVTGNPR/3,VLTGNPR/3
678510,NVIVIPK/3,NLVVIPK/3
678663,IQGELEK/3,LQGELEK/3
678794,TLCLAYR/3,TLCIAYR/3
679288,LEPCGHR/3,ELPCGHR/3
679969,HCEAAIGNETVCTLWQEGR/3,HCEAALGNETVCTLWQEGR/3
680044,IPQEIVK/3,IPQELVK/3
681025,GIFEEMK/3,GLFEEMK/3
681069,ELVSAAK/3,EIVSAAK/3
681257,HIGTSALMDLLLR/3,HIGTSAIMDLLLR/3
682081,ILLGFSDAMTFK/3,LLLGFSDAMTFK/3
682566,NTIAIFCETR/3,TNIAIFCETR/3
683116,TQQLEIK/3,TQQLELK/3
684496,QLEELER/3,ELQELER/3
685828,SIVQIIYDENR/3,SLVQIIYDENR/3
685912,FLLEACK/3,FLIEACK/3
686149,LAELQQR/3,IAELQQR/3
686587,TLIAGQK/3,ITLAGQK/3
686897,EALNILK/3,ELANILK/3
686999,WLPQNDLLGHPK/3,WIPQNDLLGHPK/3
687724,LGVTVLSR/3,IGVTVLSR/3
687933,LPQPEEGATYEGIQK/3,IPQPEEGATYEGIQK/3
690715,VIQTAFR/3,LVQTAFR/3
691046,LGSLFVK/3,AVSIFVK/3
691578,VEEIVAK/3,VEELVAK/3
692239,HGSIIYHPSLLPR/3,HGSIIYHPSILPR/3
692995,SLDSIDK/3,SLDSLDK/3
693745,QEVLEMR/3,EQVLEMR/3
694435,LQSGIGR/3,LQGSLGR/3
695060,LHLVDLAGSER/3,IHLVDLAGSER/3
695770,EELELLK/3,EEIELLK/3
695969,ETHEIVAIK/3,ETHEIVALK/3
696087,SHAIFTISLEQR/3,SHAIFTISIEQR/3
698453,ILVLHLK/3,LIVIHLK/3
698631,EALNILK/3,EAINLLK/3
698767,VQGVSER/3,LNGVSER/3
699325,NIPQVSK/3,NLPQVSK/3
700423,ENLNLSK/3,DQLNISK/3
700612,LHLNNNK/3,LHINNNK/3
702020,PGEYVIK/3,PGEYVLK/3
702031,CIGSIQHLK/3,CLGSIQHLK/3
702222,LADFGLAR/3,IADFGLAR/3
702400,ALNIAEDLGQIQYIFSDK/3,ALNIAEDLGQIQYLFSDK/3
702481,CYWLLQNPDIVLVHYLNVPALEDCGK/3,CYWLLQNPDIVLVHYLNVPAIEDCGK/3
702767,ALTLLDYLIK/3,ALTLLDYLLK/3
704570,IQEEIEK/3,IQEELEK/3
704804,EWLSFGHR/3,EWISFGHR/3
705571,LQIWDTAGQER/3,IQIWDTAGQER/3
706452,VWITVIFIFR/3,VWLTVLFIFR/3
708405,AQAEALR/3,QAAEALR/3
708820,MICAGYR/3,MLCAGYR/3
709009,QLAQELR/3,QAIQELR/3
709259,CLGIATR/3,CLGLATR/3
709313,WILTAAHTLYPK/3,WILTAAHTIYPK/3
710124,LHIMAGR/3,IHLMAGR/3
710140,QALELLR/3,QLAELLR/3
710176,THVTHHPISDHEATLR/3,THVTHHPLSDHEATLR/3
710186,LQIWDTAGQER/3,LQLWDTAGQER/3
710728,VTNLLMLK/3,VTNILMLK/3
710754,GAGEEEGR/3,QGEEEGR/3
711447,LLIVSNPVDILTYVAWK/3,LIIVSNPVDILTYVAWK/3
711573,ELYNTYK/3,EIYNTYK/3
712136,LAASPEK/3,IASAPEK/3
712646,SAPFIECHGR/3,ASPFLECHGR/3
712794,MLLEPGR/3,LMLEPGR/3
712886,FHEIGTEMIITK/3,FHELGTEMIITK/3
713113,TYSWDNAQVILVGNK/3,TYSWDNAQVLLVGNK/3
713138,HYSGIYGLMK/3,HYSGLYGLMK/3
714973,DGVTGITCNR/3,DGVTGLTCNR/3
718844,LQIWDTAGQER/3,IQLWDTAGQER/3
719812,MEFGLSWVFLVAIIK/3,MEFGLSWVFLVAILK/3
720640,LTCYLCK/3,LTCYICK/3
721560,YNILPEK/3,YNLLPEK/3
721571,IQEEIEK/3,LQEEIEK/3
722133,IGFGSFVDK/3,LGFGSFVDK/3
722418,VHTGERPYECDACGK/3,VHTGERPYECGECGK/3
722437,GVVDSEDLPLNISR/3,GVVDSEDIPLNLSR/3
723253,IYFYWLCR/3,IYFYWICR/3
723699,AEEILSR/3,AEELLSR/3
723835,LLDAENK/3,LLGEENK/3
724727,AAQSDPR/3,VNGSDPR/3
724787,IGDFGLAR/3,LGDFGLAR/3
724788,ELENALK/3,EELNALK/3
724865,LLSISGK/3,LISISGK/3
725049,LAGLLSR/3,AIGILSR/3
725083,EIVHLQAGQCGNQIGAK/3,EIVHIQAGQCGNQIGAK/3
725379,FSISWSR/3,FSLSWSR/3
725786,VWLSVIFIFR/3,VWLSVLFIFR/3
725808,TIELQMK/3,TLEIQMK/3
726188,SAISIAEDEEWK/3,SAISLAEDEEWK/3
728370,IDLSAIK/3,LDISAIK/3
728402,IGIEIIK/3,VALEILK/3
728512,LTMQNLNDR/3,ITMQNLNDR/3
728546,FILGLLDAGK/3,FLLGLLDAGK/3
728816,VESELIK/3,VESELLK/3
729643,MELQEIQLK/3,MEIQEIQLK/3
729840,IGFGSFVEK/3,LGFGSFVEK/3
730481,GIALDGK/3,GLALDGK/3
730972,TAAENEFVVLK/3,ATAENEFVVLK/3
731310,EAEEEEK/3,EEAEEEK/3
732147,EGIILFK/3,GEILIFK/3
732365,QLFHPEQLITGK/3,QIFHPEQLITGK/3
732380,GLCLSCR/3,GICLSCR/3
732736,LALDLEIATYR/3,LALDIEIATYR/3
733486,HSQFIGYPITLYLEK/3,HSQFLGYPITLYLEK/3
734886,ANLIASALAQIPQK/3,ANIIASALAQIPQK/3
734920,GMGGAFVLVLYDEIK/3,GMGGAFVLVLYDELK/3
734947,IGDFGLAR/3,LGDFGIAR/3
735377,EGNGTVMGAELR/3,EGNGTVMGAEIR/3
735777,AFSQSTHLTQHQR/3,AFSQTSHLTQHQR/3
736641,ITSNMFCVGFLEGGK/3,ITNSMFCVGFLEGGK/3
737386,ICDFGLAR/3,LCDFGLAR/3
738223,GFEVVYMTEPIDEYCVQQLK/3,GFEVIYMSEPIDEYCVQQLK/3
738603,IADFGMCK/3,LADFGMCK/3
738662,MELQEMQLK/3,MEIQEMQLK/3
739285,MGAAAGR/3,GMAAAGR/3
739741,IASAVQK/3,LASAVQK/3
740371,AEIEGVK/3,EALEGVK/3
741195,LHLIQHQR/3,IHLIQHQR/3
741253,HQIIHTGEK/3,HQLIHTGEK/3
742052,LENCNYAVELGK/3,IENCNYAVELGK/3
742576,LDEAEQLALK/3,LDEAEQIALK/3
742730,IHTGERPYECSECGK/3,LHTGERPYECSECGK/3
742927,SSNLILHQR/3,NSSLIIHQR/3
746715,IALLEEAR/3,LALLEEAR/3
746777,EAFTIMDQNR/3,EAFTLMDQNR/3
746839,DNNLTTGK/3,DNNITTGK/3
746916,DEEILLK/3,EDELILK/3
747046,DIHFMPCSGLTGANLK/3,DIHFMPCSGLTGANIK/3
748333,DISQGLK/3,DLGGTGIK/3
748623,PENLLIDQQGYIQVTDFGFAK/3,PENLLIDQQGYLQVTDFGFAK/3
749125,CEIQAALEEAEASLEHEEGK/3,CELQAALEEAEASLEHEEGK/3
749278,LPEPIVSTDSR/3,IPEPLVSTDSR/3
749757,ALPELTK/3,AIPELTK/3
750551,RPVNVPLDIFSEEIR/3,RPVNVPIDIFSEEIR/3
750647,DTQLHLDDALR/3,DTQIHLDDALR/3
750708,FDVSGYPTIK/3,FDVSGYPTLK/3
750833,LYGHWVK/3,IYGHWVK/3
750930,IHTGERPYQCEECGR/3,IHTGERPYECQECGR/3
751750,TLIEELK/3,ITLEELK/3
752484,PDIISQLER/3,PDLISQLER/3
753166,MAALGTDK/3,MAAIGTDK/3
754285,LQNEVEDLMIDVER/3,LQNEVEDLMLDVER/3
754341,SSNLILHQR/3,SSNLIIHQR/3
754486,AIEENNNFSK/3,ALEENNNFSK/3
754878,SSHLLQHQR/3,SSHLIQHQR/3
755014,AAGGATPK/3,AAGQTPK/3
755289,FLAITTDCLQLLAYGNQESK/3,FLAITTDCLQILAYGNQESK/3
755531,TIHELEK/3,LTHELEK/3
755688,MPLIGLGTWK/3,MPILGLGTWK/3
756076,IQHELEEAEER/3,LQHELEEAEER/3
757318,TICIAYR/3,TLCIAYR/3
759232,TGTFIALDR/3,TGTFIAIDR/3
759461,GDSPEAR/3,DGSPEAR/3
759515,ELGIETYK/3,ELGLETYK/3
760919,CGILHPGEDFLCLEGK/3,CGIIHPGEDFLCLEGK/3
761022,LQIELGK/3,LQIEIGK/3
761092,DGEIYCK/3,DGELYCK/3
761138,FQYILNPR/3,FQYLLNPR/3
761659,VGDDIILVSVSSER/3,VGDDLILVSVSSER/3
762640,LTDFGLCK/3,ITDFGLCK/3
762771,GEITGEVR/3,GELTGEVR/3
763634,LLISQAR/3,ILLSQAR/3
763971,ICELYAK/3,LCELYAK/3
765223,AGEILSEK/3,AGELISEK/3
765271,ILWALYFNMR/3,LLWALYFNMR/3
765944,AYDLQSDAIYK/3,AYDLQSDALYK/3
766030,MGYFTIQTYIPCTLIVVLSWVSFWINK/3,MGYFTIQTYIPCILTVVLSWVSFWINK/3
766209,NSPPYILDLLPDTYQHLR/3,NSPPYILDILPDTYQHLR/3
767386,VFGNEIK/3,VFNGELK/3
767602,LFVGGIK/3,LFVGGLK/3
767771,INTIFISK/3,VQTLFLSK/3
768418,ETAQAIK/3,ETAQALK/3
768602,SGSFIYQVSTHEQSESAHGR/3,SGSFLYQVSTHEQSESAHGR/3
768701,FYMYELLK/3,FYMYEILK/3
769662,AGGGIGDEIEDPAGDEYELYR/3,AGGGIGDEIEDPAGDEYEIYR/3
769687,LQLWDTAGQER/3,IQLWDTAGQER/3
770459,VYSDAQPHIQWIK/3,VYSDAQPHIQWLK/3
770578,QAYDLQSDNLYK/3,QAYDLQSDNIYK/3
771324,ITEELQK/3,LTEELQK/3
772620,ALAEIAK/3,LAAELAK/3
772737,IQSDNEYK/3,LQSDNEYK/3
773678,YHYYGLR/3,YHYYGIR/3
774235,PSNLLINTTCDLK/3,PSNLLLNTTCDLK/3
774543,TDILEEK/3,TDLLEEK/3
775271,FLNLMEK/3,IFNLMEK/3
775524,SIGYSDLFCLSK/3,SLGYSDLFCLSK/3
775600,LSLEGER/3,LSLEADR/3
775800,VLDPFTIK/3,VIDPFTIK/3
775942,QQEQDPTNLYISNLPLSMDEQELENMLK/3,QQEQDPTNLYISNLPISMDEQELENMLK/3
776629,EQADFAIEALAK/3,EQADFALEALAK/3
777016,DALCLVLTIMNGGDLK/3,DALCLVLTLMNGGDLK/3
777569,TSLFSFR/3,TSIFSFR/3
778323,PCCSSSGCGSSCCQSSCCK/3,PCSCSSGCGSSCCQSSCCK/3
778602,VISSIEQK/3,VLSSIEQK/3
779549,LLEQGIR/3,LLEQGLR/3
780798,IRPLAEK/3,IRPIAEK/3
780960,ITGEPLYNAVVWLDLR/3,LTGEPLYNAVVWLDLR/3
781025,EQFEENWYNTYSSNLYK/3,EQFEENWYNTYSSNIYK/3
781150,GDQGLPGDR/3,GDQGIPGDR/3
781182,EEDLTEK/3,EDEITEK/3
782264,QELQQAR/3,EQLQQAR/3
782743,VIDDEEYEK/3,IVDDEEYEK/3
785482,LLEPLVTQVTTLVNTSNK/3,LLEPLVTQVTTLVNTNSK/3
785514,AVELGVK/3,AVEIGVK/3
786747,EDGILTK/3,EGDLLTK/3
787773,PSGGSSR/3,SPGGSSR/3
788061,QHNCQFLCVNTIGGFTCK/3,QHNCQFLCVNTLGGFTCK/3
788083,FMASNPSK/3,FMSANPSK/3
788735,GTSISTK/3,ASTVSTK/3
788840,VEEEEER/3,EVEEEER/3
790560,EWFFLISK/3,EWFFLLSK/3
790785,YCYSGIR/3,YCYSGLR/3
791035,CLEENNGVDK/3,CIEENNGVDK/3
791497,AIADYLR/3,ALADYIR/3
791556,AISVFIK/3,ALSVFIK/3
792129,DLSTIEPLK/3,DISTLEPLK/3
792251,EGILQLR/3,DAILQLR/3
792485,TVHTGEK/3,VTHTGEK/3
792582,VEGGCITK/3,VEGGCLTK/3
792981,YISGLLR/3,YISGILR/3
794401,LVTEFLAK/3,VLETFLAK/3
795550,VMAGALEGDLFIGPK/3,VMAGALEGDIFIGPK/3
795575,LHPVQER/3,IHPVQER/3
796125,FQEEANIYAAK/3,FQEEANLYAAK/3
796359,QILAPVVK/3,QLLAPVVK/3
796863,EVQSELR/3,EVQSEIR/3
796882,ISNSPEK/3,VSSQPEK/3
797190,ILHTGEK/3,LIHTGEK/3
797285,TCLVDGK/3,TCIVDGK/3
797527,WTAPEALR/3,WTAPEAIR/3
797652,LEGTLLR/3,EIGTIIR/3
798377,IVINVGGTR/3,VILNVGGTR/3
798900,LDGAINR/3,LDGALNR/3
800211,YVAICHPIR/3,YVAICHPLR/3
800537,LFIIQACR/3,IFIIQACR/3
801046,IPFTILLFFLLHR/3,LPFTILLFFLLHR/3
801577,SIGVSNFNR/3,SLGVSNFNR/3
801630,ISAPQER/3,GTLPQER/3
803983,AQYESIAAK/3,AQYESLAAK/3
806395,VLQVWFQNAR/3,VIQVWFQNAR/3
806436,VIILGDSGVGK/3,LVLVGDASVGK/3
806788,ICDFGFAK/3,LCDFGFAK/3
807160,LEYDAYR/3,IEYDAYR/3
808387,HYECNECGK/3,YHECNECGK/3
808990,FPFELVK/3,FPFEIVK/3
809155,LGDFGLAR/3,LGDFGIAR/3
809169,QNLQLCVQVASK/3,QNLQICVQVASK/3
809481,SNLISHQR/3,SNLLSHQR/3
809606,ILIQAQR/3,ILLQAQR/3
809958,DLIVDQTIEK/3,DLLVDQTIEK/3
810917,LLSALIR/3,LLSAILR/3
811006,IIVPNSTAGLIIGK/3,LIVPNSTAGLIIGK/3
811199,NLTWTLSNLCR/3,NITWTLSNLCR/3
812088,SLHDALCVIR/3,SIHDALCVIR/3
812280,PYECIECGK/3,PYECLECGK/3
812311,LNVAITR/3,LNVALTR/3
813182,HIIENAK/3,HLLENAK/3
813394,LMVELSK/3,MLVELSK/3
814443,LQSQLLSLEK/3,LQSQLLSIEK/3
815251,LADFGLAK/3,IADFGLAK/3
815744,LVGFVLR/3,LVGFVIR/3
817684,TEELEIEK/3,TEELELEK/3
820163,TEFSEENLEFWLACEDFK/3,TEFSEENIEFWIACEDFK/3
822605,VEPGIFEWTK/3,VEPGLFEWTK/3
822762,AILPCIK/3,AIIPCIK/3
822899,QDLLAEK/3,ENLLAEK/3
824644,AFIITINSFGTELSK/3,AFIITLNSFGTELSK/3
824824,LGIQECQHQFR/3,IGIQECQHQFR/3
827731,VHVNLLLLEAR/3,VHVNLLLIEAR/3
827806,TALPNMDR/3,TAIPNMDR/3
827959,LDTLCDLYETLTITQAVIFINTR/3,LDTLCDLYETLTITQAVIFLNTR/3
829315,EAPAPPK/3,EPAAPPK/3
829389,IQIWDTAGQER/3,IQLWDTAGQER/3
829658,EIDASCIK/3,ELDASCIK/3
830012,ALYNLGNVYHAK/3,ALYNIGNVYHAK/3
831161,MCDDEETTALVCDNGSGLVK/3,MCDEDETTALVCDNGSGLVK/3
831519,LALDYGIK/3,LAIDYGIK/3
831555,ITEEQAR/3,LTEEQAR/3
832166,AQILELLVLEQFLSILPGELR/3,AQILELLVLEQFLSILPGEIR/3
832189,RPHLGGELGGPR/3,RPHIGGELGGPR/3
832190,GTSSFGK/3,TGSSFGK/3
833548,QTLEILK/3,QTIELLK/3
834345,ELPVAIK/3,EIPVAIK/3
834383,NISDFLVK/3,NLSDFLVK/3
836329,AEELLLK/3,AEELILK/3
836504,GILLYGPPGTGK/3,GLLLYGPPGTGK/3
838122,TLFIFGVTK/3,TLFLFGVTK/3
838305,EIICVPYMAK/3,ELICVPYMAK/3
838408,EEEELQR/3,EEEEIQR/3
839623,LSINLLR/3,LSLNILR/3
839998,LNEMEQLK/3,INEMEQLK/3
840394,TIHTGEK/3,LTHTGEK/3
841153,IFMFQLLR/3,LFMFQLLR/3
841620,AAVALGR/3,LAGALGR/3
841674,QLEGILK/3,ELQGLLK/3
842172,IGDILQK/3,LGDILQK/3
842759,GASEIVLK/3,QESIVLK/3
844944,TIHTGEK/3,ITHTGEK/3
847270,SVITYVSSLYDAFPK/3,SVITYVSSIYDAFPK/3
847326,EIEWDDLAQLPFLTMCLK/3,EIEWDDLAQLPFLTMCIK/3
847457,ETDVVLK/3,EDTVVLK/3
847911,NIEEENK/3,NLEEENK/3
848223,EIEMAQK/3,ELEMAQK/3
848375,GLEAEVK/3,GLAEEVK/3
848901,AEELAAR/3,EAELAAR/3
851519,DVAILQER/3,DVALLQER/3
855306,LVGEIVR/3,IVGELVR/3
855461,TLLAVTRPFISSK/3,TILAVTRPFISSK/3
855700,IFLWSLR/3,LFLWSLR/3
855701,HIIIHTGEK/3,HLIIHTGEK/3
855737,VDIDVPDVNIEGPEGK/3,VDIDVPDVNIEGPDAK/3
855898,SEFSEENIEFWLACEDYK/3,SEFSEENLEFWIACEDYK/3
856481,LDGLLER/3,DIGIIER/3
857478,SCVIVIR/3,SCVIVLR/3
857663,LLPWLDK/3,ILPWLDK/3
858591,ADIDVSGPK/3,ADLDVSGPK/3
858817,ISMPDIDLNLK/3,ISMPDLDLNLK/3
860480,VPDVELK/3,VPDVEIK/3
860699,GPEVDIK/3,GPEVDLK/3
862166,EAGSPYR/3,EGSAPYR/3
864616,HIIIHTGEK/3,HILIHTGEK/3
864994,LLDFLIK/3,LLDFILK/3
865089,NLLILGK/3,NLLLLGK/3
865463,GPEIDVK/3,GPELDVK/3
867672,EQLALLK/3,EQLAILK/3
867818,STAVMSMVGYILGLGDR/3,STAVMSMVGYIIGLGDR/3
867838,LLLAIMESR/3,LLLALMESR/3
868101,INEEIER/3,LNEEIER/3
868105,GIQGVVR/3,GLQGVVR/3
868660,SSILNAK/3,SSLLNAK/3
869595,DLHMAEK/3,EVHMAEK/3
871078,ICGSPCPAVWPDVIK/3,LCGSPCPAVWPDVIK/3
871139,CNSLEEIK/3,NCSIEEIK/3
871930,VDDHIIR/3,VDDHLIR/3
871945,MHDLNIAMDGLR/3,MHDLNLAMDGLR/3
872730,DQQEAEK/3,ENEQAEK/3
873577,LAEVCCTSIVYATEK/3,IAEVCCTSIVYATEK/3
873869,ASLTLER/3,TGLTLER/3
874510,FFLCSMYAPVCTVLEQAIPPCR/3,FFLCSMYAPVCTVLEQALPPCR/3
874650,DVIGDEICCWSFYGQGR/3,DVLGDEICCWSFYGQGR/3
875811,LHTGERPYECSK/3,IHTGERPYECSK/3
878045,ILEILQFILNVR/3,IIEILQFILNVR/3
879486,SIDPGLK/3,SLDPGLK/3
879542,ANELQLR/3,GQELQLR/3
880176,ISVLQEEK/3,LSVLQEEK/3
880529,LTAEATGK/3,ITAEATGK/3
881427,PYECLQCGK/3,PYECIQCGK/3
881986,SELWVYK/3,TDLWVYK/3
882077,GLFWANLR/3,GLFWANIR/3
882500,ELANILK/3,EAINLLK/3
883083,PYICNECGK/3,PYLCNECGK/3
883403,LSASSPR/3,ISASSPR/3
884202,SALEVPR/3,TGIEVPR/3
885109,GAADVEK/3,AGADVEK/3
885951,LAEDPAK/3,ALDEPAK/3
886812,SLIPTLEK/3,SLLPTLEK/3
887186,ELQELLK/3,EQLELLK/3
888673,VLFSLVK/3,LVFSLVK/3
889534,IVFLLVGHK/3,VIFLLVGHK/3
889842,PYECIDCGK/3,PYECLDCGK/3
890572,YQIAVTK/3,YQLAVTK/3
891176,LLAALIR/3,ILAAILR/3
892004,VLQSGLK/3,LVQSGIK/3
892073,NELLPNLEK/3,NELIPNLEK/3
895021,NEFISEYCGEIISQDEADR/3,NEFISEYCGELISQDEADR/3
895114,QSIEPDR/3,QLSEPDR/3
895942,MPLQSEEEFIEHCQMHPDLR/3,MPLQSEEEFLEHCQMHPDLR/3
897966,HEIENLR/3,HELENLR/3
898302,EIEDLLR/3,EELDLLR/3
899547,FTEEAFASLICIIFIYEAIEK/3,FTEEAFASLICIIFIYEALEK/3
900229,QLDIELK/3,QLDLELK/3
902824,NENALLR/3,ENNALLR/3
902834,LLHTGNSIK/3,LLHTGNSLK/3
902847,QDLSSIK/3,NELSSLK/3
903130,WLAESIR/3,WLAESLR/3
903371,ISSESAR/3,LSSESAR/3
904144,AAHIAVLDSELFLEK/3,AAHIAVLDSEIFLEK/3
904232,LYLSENWICFYSNIFR/3,LYLSENWLCFYSNIFR/3
904401,YFYLLENLAWVK/3,YFYLLENIAWVK/3
904715,LEAEFSK/3,LEEAFSK/3
904957,ALYLSGYR/3,AIYLSGYR/3
905655,ISFIGHSLGNIIIR/3,ISFIGHSLGNLIIR/3
905745,QSLSLGR/3,QSISIGR/3
906882,ILTGPVVR/3,LLTGPVVR/3
907012,NLAIVFGPTLVR/3,NLALVFGPTLVR/3
908234,HAHEIMLK/3,HAHELMLK/3
908654,MTHLQAGLSPETLEK/3,MTHLQAGLSPETIEK/3
908802,MGTYSTILIK/3,MGTYSTLLIK/3
909021,VVIVLIDALR/3,VVLVLIDALR/3
909685,LEIPGSR/3,LELPGSR/3
909917,IATASEK/3,LATASEK/3
911003,EEGEDAVQFANR/3,EADEDAVQFANR/3
911637,SYTSATTK/3,SYSTATTK/3
914085,LQEELAK/3,IQEEIAK/3
914693,GQTICIDK/3,ANTLCIDK/3
918073,PGDENLR/3,GPDENIR/3
918370,MILDLLK/3,MLLDILK/3
918594,EIQEHVK/3,ELQEHVK/3
919051,AVGADGK/3,VAGADGK/3
920503,IENYLLR/3,EINYILR/3
920592,TSATLTIR/3,STATLTLR/3
920765,MLLTVYCVR/3,MLITVYCVR/3
921976,TQDELER/3,TQDEIER/3
924886,TLAIIEK/3,LTALLEK/3
925454,HISEQLR/3,HLSEQLR/3
925582,SFILDFMLR/3,SFLLDFMLR/3
925834,EQESLIK/3,EQESILK/3
927560,QVEALER/3,LNEALER/3
927571,SGLCLSK/3,GSICLSK/3
929068,SEGGNIR/3,ESGGNLR/3
930429,SQSLLLR/3,TNSLLLR/3
930973,ELAEAAK/3,ALEEAAK/3
931762,GTFTLSTTLR/3,GTFTISTTLR/3
932635,LNWAFNLYDINK/3,LNWAFNLYDLNK/3
933000,SEEDSSYK/3,ESEDSSYK/3
934028,VNNEGEGDPFYEVLGLVTLEDVIEEIIK/3,VNNEGEGDPFYEVLGIVTLEDVIEEIIK/3
934716,GLAPNFMK/3,GIAPNFMK/3
937659,EQEIALR/3,EQELALR/3
939177,VEEIPQR/3,VEELPQR/3
939421,SAGVATFVLQEEFDR/3,SAGVATFVIQEEFDR/3
939598,TGLAMLR/3,ASLAMLR/3
939974,LEEENSR/3,EIEENSR/3
940410,VEIEQAR/3,EVLEQAR/3
943044,IFGGLILDIK/3,LFGGLILDIK/3
943131,NLTEGLK/3,NITEGLK/3
944589,SLLLHQR/3,SLILHQR/3
945125,HQLIHLGEK/3,HQIIHLGEK/3
945141,LGHGELK/3,IGHGELK/3
946790,LEISESR/3,IEISESR/3
947178,SLLLHQR/3,SLLLHGAR/3
947344,PFECNICGK/3,PFECNLCGK/3
947393,VESQVLK/3,DLSQVLK/3
947702,LATSMAK/3,IASTMAK/3
947918,VLDELTLCR/3,VLDEITLCR/3
947929,QEEEEGR/3,EEQEEGR/3
948671,LVLDQLR/3,VLLDQLR/3
948958,ALANALK/3,AIANALK/3
949188,ALAEALK/3,ALEAALK/3
950434,WAILTAR/3,AWLITAR/3
950547,IHSIEEK/3,LHSLEEK/3
951267,LTPSQVK/3,ITPSQVK/3
951391,LLIPDDFK/3,LLLPDDFK/3
951701,YNSLLIR/3,YNSLLLR/3
952061,QLQLILLK/3,QLQLLLLK/3
952489,ALELNPK/3,AIELNPK/3
952749,AVQAAER/3,GLAGAAER/3
955376,SLLLSTK/3,SLLISTK/3
956111,GYAFLLFQEESSVQALIDACIEEDGK/3,GYAFLLFQEESSVQALIDACLEEDGK/3
956355,LTEELQK/3,TIEELQK/3
956360,EALLQEK/3,EAILQEK/3
956997,NSSLILHQR/3,NSSLIIHQR/3
957101,LTPEALK/3,TIPEAIK/3
957485,HFIVPASR/3,HFLVPASR/3
957738,VLILHLK/3,VLIIHLK/3
958998,VYLLENGACIAK/3,VYLLENGACLAK/3
960293,ALLLQLR/3,LALLQLR/3
960635,SLDLTVK/3,SIDLTVK/3
962078,VFIGNLNTAIVK/3,VFIGNLNTALVK/3
962824,LNTLILR/3,INTLILR/3
962935,GDIIILR/3,GDIILLR/3
963191,LEVDPSK/3,IEVDPSK/3
963217,SLQADAK/3,SIAQDAK/3
963302,VVVSYPPQSEAELELK/3,VVVSYPPQSEAEIELK/3
963504,TVLDILK/3,ISLDILK/3
963607,CLGSPQHIK/3,CLGSPQHLK/3
964126,HAHDVAR/3,AHHDVAR/3
965354,QALEEER/3,AQLEEER/3
965850,LPALFFLFK/3,LPAIFFLFK/3
966219,NLTSLGK/3,NLTSIGK/3
966874,AELILLK/3,AEILLLK/3
967069,LVESVFR/3,VLESVFR/3
967343,LQEEIEK/3,IQEELEK/3
967592,EIDQLEK/3,EIENLEK/3
969101,ADIVHAFLSIPSLSHSVISQTSFR/3,ADIVHAFLSIPSLSHSVLSQTSFR/3
970390,TGVALGR/3,GTVALGR/3
970514,EIDQLEK/3,EIENIEK/3
972594,VQMQVVQQLEIQLAK/3,VQMQVVQQLELQLAK/3
973063,EGANINR/3,EAGNINR/3
974515,GPQIDVK/3,GPQLDVK/3
974728,NELMAVR/3,DIQMAVR/3
975108,LQEEIEK/3,LQEELEK/3
975430,IVEAVDGK/3,LVEAVDGK/3
975673,EQLQQLR/3,QELQQLR/3
975750,SELELLK/3,SELEILK/3
975918,EQNEIDR/3,QNEELDR/3
976249,LEETAGK/3,IETEAGK/3
977232,FALTFGLDQLK/3,FALTFGLDQIK/3
977504,FDHDAEIEK/3,FDHDAELEK/3
978101,SSLFQISK/3,SSIFQISK/3
978660,DYILELK/3,DYLLEIK/3
978797,ADIFALGIIIWAMLER/3,ADIFALGIIIWAMIER/3
979235,PSLSVQPGPMVAPGESLTLQCVSDVGYDR/3,PSLSVQPGPVMAPGESLTLQCVSDVGYDR/3
979459,EELIDAIR/3,EEIIDAIR/3
979602,QELLDIR/3,QELIDLR/3
980628,AIEAEAK/3,IAEAEAK/3
980999,PDAVISK/3,DPAVISK/3
981139,TSFSDPGVLPR/3,TSFSDPGVIPR/3
981702,YLLEQLK/3,LYLEQLK/3
981854,SDIWSLGITAIEMAEGAPPLCDMHPMR/3,SDLWSLGITAIEMAEGAPPLCDMHPMR/3
982056,LWNIMEK/3,LWNLMEK/3
983068,WGLGYHLSLHR/3,WGIGYHLSLHR/3
983519,SGSLLFR/3,GSSLLFR/3
984305,EQLGEAR/3,QLEGEAR/3
985070,DQITAVK/3,ENLTAVK/3
985625,ASHCSLCDNCVER/3,ASHCSICDNCVER/3
987199,FEIEIEPLFASIALYDVK/3,FEIEIEPIFASLALYDVK/3
988064,VLQEQLK/3,VLQEQIK/3
988188,EAILLYR/3,AELILYR/3
988563,DLTVCEPPK/3,DITVCEPPK/3
988813,FPEDALK/3,PFEDALK/3
990083,AIQTAIR/3,AIQTALR/3
990263,LSAYVIR/3,LSAYVLR/3
990521,LQEESLR/3,IQEESLR/3
991004,FDHLEVR/3,FDHIEVR/3
991061,NYAGAYR/3,QGYGAYR/3
992437,GTLPLLK/3,TGIPLLK/3
992708,LWAESAR/3,WLAESAR/3
993489,LNPADIK/3,NLPADIK/3
993715,IVIPILK/3,VIIPLLK/3
994782,IYHTNYVR/3,LYHTNYVR/3
995658,IQEELEK/3,LQEELEK/3
995667,TGIGVIR/3,TGLGVIR/3
996180,GSASIIIR/3,QSSILLR/3
996928,TVDCVER/3,LSDCVER/3
997038,THPLLIR/3,THPLLLR/3
1000843,LIQEAQK/3,LLQEAQK/3
1001709,LVHLDLK/3,VLHLDLK/3
1002388,SPPQLMLSK/3,SPPQLMISK/3
1002473,TNIFVFK/3,TNLFVFK/3
1003123,SIPESIK/3,SIPESLK/3
1003735,ISLLLHQR/3,SLLILHQR/3
1005051,QSEELSK/3,QESEISK/3
1006451,SALLIGK/3,TGLIIGK/3
1006892,QSVFGGK/3,NVTFGGK/3
1008152,LPGPPGK/3,IPGPPGK/3
1009213,DPCDPPGRPEAIIVTR/3,DPCDPPGRPEAIVITR/3
1009744,GPGLAPGQIYTYPAR/3,GPGLAPGQLYTYPAR/3
1011385,LTMASVVK/3,LTMSAVVK/3
1012074,EIEELEK/3,ELEEIEK/3
1012547,FLHETGLAMIYGLLVGLVLR/3,FLHETGLAMIYGLIVGVILR/3
1012930,SGASYAYILEAFGGFIAFIR/3,SGASYAYILEAFGGFLAFIR/3
1013125,LTGYIVEK/3,ITGYIVEK/3
1013150,NSLLWVK/3,NSILWVK/3
1013431,GINLSGGQK/3,GLNLSGGQK/3
1013455,SQLLSGTLPK/3,SQILSGTLPK/3
1014336,LGSASPK/3,GIASSPK/3
1015167,LGISLTR/3,IGISLTR/3
1015871,LWDIGGQPR/3,IWDIGGQPR/3
1015908,SSDTISK/3,SSSEISK/3
1016367,TGLAALR/3,ASLAALR/3
1016405,SGLVQHQR/3,GSLVQHQR/3
1016494,FLSSPNK/3,LFSSPNK/3
1016680,QEAAQSR/3,QAEAQSR/3
1017996,ITVDELK/3,LTVDELK/3
1018603,QHIDYGHWYDR/3,QHLDYGHWYDR/3
1019282,QQEILEK/3,QQELIEK/3
1019333,ENEALLLR/3,EGEQLLLR/3
1019564,LASLGLK/3,LASLGIK/3
1019709,YINGLDPEPLPLMDLCR/3,YLNGLDPEPLPLMDLCR/3
1019972,IHTGERPYVCQDCGK/3,IHTGERPYVCNECGK/3
1020012,CIQACGQER/3,CLQACGQER/3
1020851,PADLGPR/3,PADIGPR/3
1020880,LLDIENK/3,ILDLENK/3
1020948,ITHTGEK/3,LTHTGEK/3
1021230,LEEELHK/3,EIEELHK/3
1021690,AIQAEER/3,LAQAEER/3
1024257,VQDFLGLK/3,VQDFLGIK/3
1024833,VLNLSDNR/3,VINLSDNR/3
1025493,QLLIVANAHMHWDPEYSDVK/3,QLILVANAHMHWDPEYSDVK/3
1025509,AIHTGEK/3,ALHTGEK/3
1026747,FDIEIGR/3,FDIELGR/3
1028430,SNIFTSR/3,SNLFTSR/3
1030454,QLYLLDDPLSAVDAHVGK/3,QIYLLDDPLSAVDAHVGK/3
1031604,EIAEAVK/3,ELAEAVK/3
1031774,EGALQEER/3,QELQEER/3
1031870,QIEEENR/3,QLEEENR/3
1032241,VCEQEEK/3,MQEQEEK/3
1032310,EESDSFK/3,EEDSSFK/3
1032478,AASESIR/3,AASESLR/3
1033292,EDLAIQK/3,EDIALQK/3
1034526,LLVLVPPSK/3,LIVLVPPSK/3
1034599,GSDSLIK/3,GSSDLIK/3
1036034,DGHPLLK/3,DGHPLIK/3
1036173,AHGHGLCTGPK/3,AHGHGICTGPK/3
1036440,VLLGEGVLTK/3,VLIGEGVLTK/3
1037814,EALAHLR/3,ELAAHLR/3
1038652,ILHALAR/3,LLHALAR/3
1039133,AQIEEEK/3,AQLEEEK/3
1040265,SIMFNLK/3,SLMFNLK/3
1041062,AFSCSSSLR/3,AFSCSSSIR/3
1041652,GFACVSPGENQLPVWIPTR/3,GFACVSPGENQLPVWLPTR/3
1041730,SPIAAAR/3,SPLAAAR/3
1043453,SSIINSLK/3,SSLINSLK/3
1045176,EIEEATK/3,EEIEATK/3
1046996,YVANIFPYK/3,YVANLFPYK/3
1047809,IVTLETK/3,LVTLETK/3
1047977,DTPQHPK/3,SEPQHPK/3
1048171,MQDLVFK/3,MDQLVFK/3
1051291,IQSQIGGEFQSFPK/3,LQSQIGGEFQSFPK/3
1051597,PLCASDGR/3,PICASDGR/3
1052439,TVLMIAIQLLSR/3,TVLMIAIQLISR/3
1052882,LHTGERPYR/3,IHTGERPYR/3
1052900,RPGLGTVGK/3,RPGIGTVGK/3
1053850,SHLLVHQR/3,SHLIVHQR/3
1055525,LHLSFYLTSIYDHSIFEAFSK/3,IHLSFYLTSIYDHSIFEAFSK/3
1056244,VHTGERPYECSDCGK/3,VHTGERPYDCSECGK/3
1057540,QELENLK/3,QEIENLK/3
1057638,YLNLGMCNIK/3,YLNLGMCNLK/3
1058215,CQICPYASR/3,CQLCPYASR/3
1059739,EQILAVAR/3,QEILAVAR/3
1059784,EIENIEK/3,EIENLEK/3
1060173,MAAGGLSR/3,MAANLSR/3
1060337,SHLLIHQR/3,SHLIIHQR/3
1061137,IHSGERPYACGECGK/3,LHSGERPYACGECGK/3
1061343,SLLQLVK/3,SILQLVK/3
1061600,IYTCSECGK/3,LYTCSECGK/3
1062433,SGTSTLR/3,SGTSTIR/3
1063499,SHLLIHQR/3,SHLILHQR/3
1064676,IPANLLDQFEK/3,LPANLLDQFEK/3
1065777,HQSLHTGEK/3,HQSIHTGEK/3
1066262,PISDTISK/3,IPSDTLSK/3
1066747,WILLDGDIDPMWIESLNTVMDDNK/3,WIILDGDIDPMWIESLNTVMDDNK/3
1066966,TFDIEEK/3,TFDLEEK/3
1068019,ANVVLLR/3,NAVVILR/3
1068898,ELEQIIK/3,EIQELLK/3
1071862,LTVNLDCLR/3,LTVNLDCIR/3
1072314,TVSPPIR/3,LSSPPLR/3
1073773,STETGIAVEMR/3,STETGLAVEMR/3
1073830,VAIDNAR/3,VALDNAR/3
1074475,QGIPWWLGLSYK/3,QGLPWWLGISYK/3
1074579,QTLEIAR/3,QTLELAR/3
1075398,PQIGDLPPK/3,PQLGDLPPK/3
1078287,ELGQLSK/3,ELANISK/3
1079150,DHGEPSLTATATVLVSLVESGQAPK/3,DHGEPSLTATATVLVSLVEGSQAPK/3
1079186,DTQIHLDDALR/3,DTQLHLDDAIR/3
1079459,EATENTIK/3,EATENTLK/3
1079721,QAFINSGAWQIGLANFVGIIDNHYPK/3,QAFINSGAWQIGLANFVGLIDNHYPK/3
1080618,LLGELLLDR/3,LLGELILDR/3
1080854,STLVYHQR/3,TSLVYHQR/3
1081342,IHTGERPYVCSECGK/3,IHTGVRPYECSECGK/3
1081580,GLGVMPK/3,GIGVMPK/3
1081717,ELSEGEEK/3,EITDGEEK/3
1084073,VLCCEWLRPEIHTK/3,VLCCEWLRPELHTK/3
1084839,VTITADESTSTAYMELSSLR/3,VTITADTSTDTAYMELSSLR/3
1085119,DVAIEFSLEEWQCLDTAQQNLYR/3,DVALEFSLEEWQCLDTAQQNLYR/3
1085507,MSIQAPPR/3,MSLQAPPR/3
1085876,WVITVPAIWK/3,WVLTVPAIWK/3
1086679,VFIDICLK/3,VFIDLCLK/3
1087205,VHTGERPYTCNECGK/3,VHTGERPYECNTCGK/3
1087273,VIHTGEK/3,IVHTGEK/3
1088384,LSNIFVIGNGNK/3,ISNIFVIGNGNK/3
1088396,HHIIHTGEK/3,HHILHTGEK/3
1088515,IYALGGR/3,LYALGGR/3
1089243,SYICSECGK/3,SYLCSECGK/3
1089463,IYALGGR/3,LYAIGGR/3
1089686,IANFSNLIFLHLK/3,IANFSNLLFLHLK/3
1089891,RPYECLECGK/3,RPYECIECGK/3
1090007,VGQIFAAWK/3,VGQLFAAWK/3
1090625,HYIIHTGEK/3,HYLIHTGEK/3
1090693,SLQEAEK/3,LSQEAEK/3
1090919,AALEPFQTEEDSVSVSDAPGSCIIDCNEK/3,AALEPFQTEEDSVSVSDAPGSCLIDCNEK/3
1091445,SSLLSHQR/3,SSLISHQR/3
1091489,IGHTGEK/3,GIHTGEK/3
1092145,PHGCSICGK/3,PHGCSLCGK/3
1092275,DLILQLDYPYTQGSQDSALLQLLEIR/3,DLILQLDYPYTQGSQDSALLQLIELR/3
1092967,DIMHPEDK/3,DLMHPEDK/3
1093296,NLVSLGIAVSK/3,NLVSLGLAVSK/3
1094307,IHQNIHTGEK/3,LHQNIHTGEK/3
1094471,THTGERPYTCEECGK/3,THTGERPYECTECGK/3
1094527,DAQADAK/3,EGQADAK/3
1094667,VVSVFYTVVIPMLNPLIYSLR/3,VVSVFYSLVIPMLNPLIYSLR/3
1095048,NSSLIIHQR/3,SSNLIIHQR/3
1095364,IIHSGEK/3,LIHSGEK/3
1095371,HILIHTGEK/3,HLIIHTGEK/3
1095446,PYECNICGK/3,PYECNLCGK/3
1095848,GAAPGSR/3,AGAPGSR/3
1096452,PYECDICGK/3,PYECDLCGK/3
1096850,ILHTGENLYK/3,IIHTGENLYK/3
1096980,VLEVQIQTLNIQK/3,VLEVQLQTLNIQK/3
1097077,LVSVFYTILTPMLNPLIYSLR/3,VLSVFYTILTPMLNPLIYSLR/3
1097097,IVIADVK/3,IVLADVK/3
1097339,YIAICHPLR/3,YLAICHPLR/3
1097361,IASVFYTVVIPMLNPLIYSLR/3,VATVFYTVVIPMLNPLIYSLR/3
1097364,LGQGLGK/3,LGQGIGK/3
1097365,ESLILER/3,EVTLLER/3
1097784,LSHLTTHK/3,ISHLTTHK/3
1098016,IPSAQQR/3,LPSAQQR/3
1098042,AFNLFSNLTNHK/3,AFNLFSNITNHK/3
1098148,QQADEEK/3,QQEGEEK/3
1098270,SSHLTQHK/3,SSHITQHK/3
1098374,DITNQEELWK/3,DITNQEEIWK/3
1098588,EEICAQSAR/3,EELCAQSAR/3
1098741,DVAVVFTEEELGLLDSVQR/3,DVAVVFTEEELGLLDVSQR/3
1099067,LWDIADK/3,IWDLADK/3
1099547,DLSGAEK/3,LDGSAEK/3
1099883,LISLFYGVVTPMLNPIIYSLR/3,LISLFYGVVTPMLNPILYSLR/3
1100274,ELQEAEK/3,LEQEAEK/3
1100292,MASVFYTVIIPMLNPLIYSLR/3,MASVFYTLVIPMLNPLIYSLR/3
1100748,WLGTCVNIK/3,WLGTCVNLK/3
1100767,LLSVFYTIFTPLLNPIIYTLR/3,ILSVFYTIFTPLLNPIIYTLR/3
1100908,IQESEEK/3,LQESEEK/3
1101004,VVSVFYSVVTPMLNPLIYSLR/3,VVSAFYTIVTPMLNPLIYSLR/3
1101301,PYVCNICGK/3,PYVCNLCGK/3
1101525,TSLIQHQK/3,STLIQHQK/3
1101577,YPVIMNR/3,YPVLMNR/3
1101791,ITHAGEK/3,TIHAGEK/3
1102685,QLEEQQR/3,LQEEQQR/3
1102753,LYAIGGR/3,LYALGGR/3
1102992,DIFYCAHVVALSLYR/3,DLFYCAHVVALSLYR/3
1103258,AFNISSHLTTHK/3,AFNLSSHLTTHK/3
1103600,IHFFLALYLANDMEEDDEDSK/3,LHFFLALYLANDMEEDDEDSK/3
